Year,Sector,Fuel.Type,Methane.emissions,Industry.Type
2022,Power Plants,2,1.25,"C,D"
2022,Power Plants,2,3,"C,D"
2022,Power Plants,2,21.25,"C,D"
2021,Power Plants,2,1,"C,D"
2021,Power Plants,2,1,"C,D"
2021,Power Plants,2,15.75,"C,D"
2020,Power Plants,2,2.25,"C,D"
2020,Power Plants,2,0.75,"C,D"
2020,Power Plants,2,19.75,"C,D"
2019,Power Plants,2,0.5,"C,D"
2019,Power Plants,2,0.5,"C,D"
2019,Power Plants,2,5.5,"C,D"
2018,Power Plants,2,1,"C,D"
2018,Power Plants,2,2,"C,D"
2018,Power Plants,2,12,"C,D"
2017,Power Plants,2,3.5,"C,D"
2017,Power Plants,2,9.5,"C,D"
2017,Power Plants,2,10.75,"C,D"
2015,Power Plants,2,2.5,"C,D"
2015,Power Plants,2,2.25,"C,D"
2015,Power Plants,2,0.75,"C,D"
2014,Power Plants,2,1.5,"C,D"
2014,Power Plants,2,1.75,"C,D"
2014,Power Plants,4,0.25,"C,D"
2014,Power Plants,2,2.25,"C,D"
2013,Power Plants,2,0.75,"C,D"
2013,Power Plants,2,1,"C,D"
2013,Power Plants,2,2.75,"C,D"
2012,Power Plants,2,1.75,"C,D"
2012,Power Plants,2,1.5,"C,D"
2012,Power Plants,2,10.5,"C,D"
2011,Power Plants,2,0.25,"C,D"
2011,Power Plants,4,0.25,"C,D"
2011,Power Plants,2,1.25,"C,D"
2011,Power Plants,2,3,"C,D"
2022,Power Plants,2,59.75,C
2021,Power Plants,2,49.25,C
2020,Power Plants,2,40.5,C
2019,Power Plants,2,3.75,C
2019,Power Plants,2,34.75,C
2018,Power Plants,2,5.75,C
2018,Power Plants,2,41.75,C
2017,Power Plants,2,5,C
2017,Power Plants,2,40,C
2016,Power Plants,2,5,C
2016,Power Plants,2,39.25,C
2015,Power Plants,2,4.75,C
2015,Power Plants,2,40,C
2014,Power Plants,2,6.25,C
2014,Power Plants,2,45.25,C
2013,Power Plants,2,5.25,C
2013,Power Plants,2,42.25,C
2012,Power Plants,2,3.5,C
2012,Power Plants,2,38.5,C
2011,Power Plants,2,6.25,C
2011,Power Plants,2,44.75,C
2016,Power Plants,1,65.25,"C,D"
2016,Power Plants,1,76.25,"C,D"
2015,Power Plants,1,226,"C,D"
2015,Power Plants,1,228.5,"C,D"
2015,Power Plants,2,0.25,"C,D"
2014,Power Plants,1,217.25,"C,D"
2014,Power Plants,1,254.75,"C,D"
2014,Power Plants,2,0.25,"C,D"
2013,Power Plants,1,218.25,"C,D"
2013,Power Plants,1,227.75,"C,D"
2012,Power Plants,1,187.5,"C,D"
2012,Power Plants,1,217.5,"C,D"
2011,Power Plants,1,200.5,"C,D"
2011,Power Plants,1,186.25,"C,D"
2011,Power Plants,2,0.25,"C,D"
2022,Power Plants,2,6.25,C
2022,Power Plants,2,35.5,C
2022,Power Plants,2,17,C
2022,Power Plants,2,15,C
2021,Power Plants,2,3.25,C
2021,Power Plants,2,15.25,C
2021,Power Plants,2,13.25,C
2021,Power Plants,2,15.25,C
2020,Power Plants,2,11,C
2020,Power Plants,2,58.25,C
2020,Power Plants,2,6.5,C
2020,Power Plants,2,6.75,C
2019,Power Plants,2,22.75,C
2019,Power Plants,2,55.25,C
2019,Power Plants,2,9.5,C
2019,Power Plants,2,9,C
2018,Power Plants,2,17.25,C
2018,Power Plants,2,21.5,C
2018,Power Plants,2,12.75,C
2018,Power Plants,2,13,C
2017,Power Plants,2,10.5,C
2017,Power Plants,2,15.75,C
2017,Power Plants,2,5.5,C
2017,Power Plants,2,6.25,C
2016,Power Plants,2,8.5,C
2016,Power Plants,2,8.5,C
2016,Power Plants,2,3.5,C
2016,Power Plants,2,3.5,C
2015,Power Plants,2,4,C
2015,Power Plants,2,13.5,C
2015,Power Plants,2,4.75,C
2014,Power Plants,2,6.5,C
2014,Power Plants,2,17,C
2014,Power Plants,2,2.75,C
2014,Power Plants,2,3,C
2013,Power Plants,2,5,C
2013,Power Plants,2,12.25,C
2013,Power Plants,2,2.75,C
2013,Power Plants,2,2.5,C
2012,Power Plants,2,11,C
2012,Power Plants,2,7,C
2012,Power Plants,2,4.25,C
2012,Power Plants,2,2.5,C
2011,Power Plants,2,11,C
2011,Power Plants,2,20,C
2011,Power Plants,2,1.25,C
2011,Power Plants,2,2.5,C
2022,Power Plants,1,7874.5,"C,D"
2022,Power Plants,4,5.75,"C,D"
2022,Power Plants,1,11410.25,"C,D"
2022,Power Plants,4,10.5,"C,D"
2022,Power Plants,2,7.75,"C,D"
2022,Power Plants,2,9.5,"C,D"
2022,Power Plants,2,9.5,"C,D"
2022,Power Plants,2,0.5,"C,D"
2022,Power Plants,4,3.5,"C,D"
2021,Power Plants,1,9568.5,"C,D"
2021,Power Plants,4,6.5,"C,D"
2021,Power Plants,1,11115,"C,D"
2021,Power Plants,4,6,"C,D"
2021,Power Plants,2,16.75,"C,D"
2021,Power Plants,2,15.5,"C,D"
2021,Power Plants,2,15.5,"C,D"
2021,Power Plants,2,0.5,"C,D"
2021,Power Plants,2,0.25,"C,D"
2020,Power Plants,1,7379.5,"C,D"
2020,Power Plants,4,10.75,"C,D"
2020,Power Plants,1,5018.5,"C,D"
2020,Power Plants,4,10.25,"C,D"
2020,Power Plants,2,46.25,"C,D"
2020,Power Plants,2,43.25,"C,D"
2020,Power Plants,2,20,"C,D"
2020,Power Plants,2,0.5,"C,D"
2020,Power Plants,4,8.25,"C,D"
2020,Power Plants,2,2.25,"C,D"
2019,Power Plants,1,4431,"C,D"
2019,Power Plants,4,6,"C,D"
2019,Power Plants,1,11423.5,"C,D"
2019,Power Plants,4,6.75,"C,D"
2019,Power Plants,2,42.5,"C,D"
2019,Power Plants,2,14.25,"C,D"
2019,Power Plants,2,38.5,"C,D"
2019,Power Plants,2,0.75,"C,D"
2019,Power Plants,4,0.5,"C,D"
2018,Power Plants,1,10369.5,"C,D"
2018,Power Plants,4,4.5,"C,D"
2018,Power Plants,1,11551.5,"C,D"
2018,Power Plants,4,6,"C,D"
2018,Power Plants,2,23,"C,D"
2018,Power Plants,2,24.5,"C,D"
2018,Power Plants,2,36.25,"C,D"
2018,Power Plants,2,0.75,"C,D"
2018,Power Plants,2,1,"C,D"
2017,Power Plants,1,11276.5,"C,D"
2017,Power Plants,4,6,"C,D"
2017,Power Plants,1,22,"C,D"
2017,Power Plants,4,2416.25,"C,D"
2017,Power Plants,2,22.5,"C,D"
2017,Power Plants,2,23.75,"C,D"
2017,Power Plants,2,22.75,"C,D"
2017,Power Plants,2,4.5,"C,D"
2017,Power Plants,4,1.5,"C,D"
2017,Power Plants,2,0.5,"C,D"
2016,Power Plants,1,745.5,"C,D"
2016,Power Plants,4,5.5,"C,D"
2016,Power Plants,1,916,"C,D"
2016,Power Plants,4,7.25,"C,D"
2016,Power Plants,2,37.5,"C,D"
2016,Power Plants,2,33.25,"C,D"
2016,Power Plants,2,30,"C,D"
2016,Power Plants,2,0.5,"C,D"
2016,Power Plants,4,0.25,"C,D"
2015,Power Plants,1,11179.25,"C,D"
2015,Power Plants,4,5,"C,D"
2015,Power Plants,1,9466.75,"C,D"
2015,Power Plants,4,4.5,"C,D"
2015,Power Plants,2,4,"C,D"
2015,Power Plants,2,13.25,"C,D"
2015,Power Plants,2,5,"C,D"
2015,Power Plants,2,0.5,"C,D"
2015,Power Plants,4,1,"C,D"
2014,Power Plants,1,10496.25,"C,D"
2014,Power Plants,4,7.5,"C,D"
2014,Power Plants,1,10857.25,"C,D"
2014,Power Plants,4,8.5,"C,D"
2014,Power Plants,2,17.25,"C,D"
2014,Power Plants,2,21,"C,D"
2014,Power Plants,2,23,"C,D"
2014,Power Plants,2,0.5,"C,D"
2013,Power Plants,1,9570.75,"C,D"
2013,Power Plants,4,7.75,"C,D"
2013,Power Plants,1,11912.5,"C,D"
2013,Power Plants,4,5.5,"C,D"
2013,Power Plants,2,22.5,"C,D"
2013,Power Plants,2,27,"C,D"
2013,Power Plants,2,33.5,"C,D"
2013,Power Plants,2,0.5,"C,D"
2013,Power Plants,4,5,"C,D"
2012,Power Plants,1,11158.75,"C,D"
2012,Power Plants,4,6.25,"C,D"
2012,Power Plants,1,9686.25,"C,D"
2012,Power Plants,4,7.5,"C,D"
2012,Power Plants,2,16,"C,D"
2012,Power Plants,2,13,"C,D"
2012,Power Plants,2,11,"C,D"
2012,Power Plants,2,0.75,"C,D"
2012,Power Plants,4,0.75,"C,D"
2011,Power Plants,1,9150,"C,D"
2011,Power Plants,4,7.5,"C,D"
2011,Power Plants,1,13050.5,"C,D"
2011,Power Plants,4,5.25,"C,D"
2011,Power Plants,2,8.5,"C,D"
2011,Power Plants,2,8.25,"C,D"
2011,Power Plants,2,9,"C,D"
2011,Power Plants,2,0.5,"C,D"
2013,Power Plants,2,0.25,"C,D"
2012,Power Plants,2,0.25,"C,D"
2011,Power Plants,2,0.5,"C,D"
2022,Power Plants,2,482.25,"C,D"
2022,Power Plants,2,438.5,"C,D"
2022,Power Plants,2,391.25,"C,D"
2022,Power Plants,1,397.5,"C,D"
2022,Power Plants,1,422.25,"C,D"
2022,Power Plants,2,84.25,"C,D"
2022,Power Plants,4,6.5,"C,D"
2022,Power Plants,2,0.25,"C,D"
2021,Power Plants,1,404.75,"C,D"
2021,Power Plants,1,444.5,"C,D"
2021,Power Plants,2,69.5,"C,D"
2021,Power Plants,4,9.75,"C,D"
2021,Power Plants,2,0.25,"C,D"
2020,Power Plants,1,251.5,"C,D"
2020,Power Plants,1,237.25,"C,D"
2020,Power Plants,2,21.5,"C,D"
2020,Power Plants,4,8,"C,D"
2020,Power Plants,2,0.25,"C,D"
2019,Power Plants,1,258,"C,D"
2019,Power Plants,1,259,"C,D"
2019,Power Plants,2,23,"C,D"
2019,Power Plants,4,6,"C,D"
2019,Power Plants,2,0.25,"C,D"
2018,Power Plants,1,325.5,"C,D"
2018,Power Plants,1,368.5,"C,D"
2018,Power Plants,2,32,"C,D"
2018,Power Plants,4,8.5,"C,D"
2018,Power Plants,2,0.25,"C,D"
2017,Power Plants,1,402,"C,D"
2017,Power Plants,1,331.75,"C,D"
2017,Power Plants,2,55,"C,D"
2017,Power Plants,4,18,"C,D"
2017,Power Plants,2,0.25,"C,D"
2016,Power Plants,1,253,"C,D"
2016,Power Plants,1,368.5,"C,D"
2016,Power Plants,2,50,"C,D"
2016,Power Plants,4,12.75,"C,D"
2016,Power Plants,1,109,"C,D"
2016,Power Plants,2,0.5,"C,D"
2016,Power Plants,2,0.25,"C,D"
2015,Power Plants,1,270.5,"C,D"
2015,Power Plants,1,274.25,"C,D"
2015,Power Plants,2,6,"C,D"
2015,Power Plants,4,10,"C,D"
2015,Power Plants,1,473.25,"C,D"
2015,Power Plants,2,1,"C,D"
2015,Power Plants,2,0.25,"C,D"
2014,Power Plants,1,273.5,"C,D"
2014,Power Plants,1,273,"C,D"
2014,Power Plants,2,3.25,"C,D"
2014,Power Plants,4,4.5,"C,D"
2014,Power Plants,1,421,"C,D"
2014,Power Plants,2,1,"C,D"
2014,Power Plants,2,0.25,"C,D"
2013,Power Plants,1,301.25,"C,D"
2013,Power Plants,1,395.5,"C,D"
2013,Power Plants,2,21.25,"C,D"
2013,Power Plants,4,10,"C,D"
2013,Power Plants,1,424.75,"C,D"
2013,Power Plants,2,1,"C,D"
2013,Power Plants,2,0.25,"C,D"
2012,Power Plants,1,307.5,"C,D"
2012,Power Plants,1,277.25,"C,D"
2012,Power Plants,2,41.75,"C,D"
2012,Power Plants,4,9,"C,D"
2012,Power Plants,1,394.25,"C,D"
2012,Power Plants,2,1,"C,D"
2012,Power Plants,2,0.5,"C,D"
2011,Power Plants,1,317.5,"C,D"
2011,Power Plants,1,370,"C,D"
2011,Power Plants,2,41.75,"C,D"
2011,Power Plants,4,10.75,"C,D"
2011,Power Plants,1,415,"C,D"
2011,Power Plants,2,1,"C,D"
2011,Power Plants,2,0.5,"C,D"
2022,Power Plants,2,11.5,"C,D"
2022,Power Plants,3,1.25,"C,D"
2022,Power Plants,2,13.5,"C,D"
2022,Power Plants,3,1,"C,D"
2022,Power Plants,2,10,"C,D"
2022,Power Plants,3,1,"C,D"
2022,Power Plants,2,0.5,"C,D"
2022,Power Plants,2,331.5,"C,D"
2022,Power Plants,2,336,"C,D"
2022,Power Plants,2,146,"C,D"
2021,Power Plants,2,12.75,"C,D"
2021,Power Plants,3,1.25,"C,D"
2021,Power Plants,2,15.5,"C,D"
2021,Power Plants,3,1.25,"C,D"
2021,Power Plants,2,10.75,"C,D"
2021,Power Plants,3,1.25,"C,D"
2021,Power Plants,2,0.25,"C,D"
2021,Power Plants,2,278,"C,D"
2021,Power Plants,2,284.75,"C,D"
2021,Power Plants,2,119,"C,D"
2020,Power Plants,2,28.75,"C,D"
2020,Power Plants,3,1,"C,D"
2020,Power Plants,2,29.25,"C,D"
2020,Power Plants,3,0.75,"C,D"
2020,Power Plants,2,13.75,"C,D"
2020,Power Plants,3,0.75,"C,D"
2020,Power Plants,2,318,"C,D"
2020,Power Plants,2,330.5,"C,D"
2020,Power Plants,2,248.5,"C,D"
2019,Power Plants,2,9,"C,D"
2019,Power Plants,3,1.5,"C,D"
2019,Power Plants,2,7.75,"C,D"
2019,Power Plants,3,1.25,"C,D"
2019,Power Plants,2,9.5,"C,D"
2019,Power Plants,3,1.25,"C,D"
2019,Power Plants,2,337.25,"C,D"
2019,Power Plants,2,370.25,"C,D"
2019,Power Plants,2,219.5,"C,D"
2018,Power Plants,2,9,"C,D"
2018,Power Plants,3,1.5,"C,D"
2018,Power Plants,2,9.75,"C,D"
2018,Power Plants,3,1.5,"C,D"
2018,Power Plants,2,6.25,"C,D"
2018,Power Plants,3,1.25,"C,D"
2018,Power Plants,2,325.5,"C,D"
2018,Power Plants,2,339,"C,D"
2018,Power Plants,2,169,"C,D"
2017,Power Plants,2,8.25,"C,D"
2017,Power Plants,3,1.5,"C,D"
2017,Power Plants,2,10.75,"C,D"
2017,Power Plants,3,1.75,"C,D"
2017,Power Plants,2,7.5,"C,D"
2017,Power Plants,3,1.5,"C,D"
2017,Power Plants,2,326,"C,D"
2017,Power Plants,2,333,"C,D"
2017,Power Plants,2,59.5,"C,D"
2016,Power Plants,2,7.25,"C,D"
2016,Power Plants,3,1.5,"C,D"
2016,Power Plants,2,9,"C,D"
2016,Power Plants,3,1.5,"C,D"
2016,Power Plants,2,5.75,"C,D"
2016,Power Plants,3,1.25,"C,D"
2016,Power Plants,2,335.25,"C,D"
2016,Power Plants,2,336,"C,D"
2016,Power Plants,2,166.5,"C,D"
2015,Power Plants,2,6,"C,D"
2015,Power Plants,3,1,"C,D"
2015,Power Plants,2,9,"C,D"
2015,Power Plants,3,1.5,"C,D"
2015,Power Plants,2,11.5,"C,D"
2015,Power Plants,3,1,"C,D"
2015,Power Plants,2,245,"C,D"
2015,Power Plants,2,249,"C,D"
2015,Power Plants,2,114.75,"C,D"
2014,Power Plants,2,6.75,"C,D"
2014,Power Plants,3,1.25,"C,D"
2014,Power Plants,2,8,"C,D"
2014,Power Plants,3,1.75,"C,D"
2014,Power Plants,2,6.25,"C,D"
2014,Power Plants,3,1.5,"C,D"
2014,Power Plants,2,201.75,"C,D"
2014,Power Plants,2,196.25,"C,D"
2014,Power Plants,2,22.75,"C,D"
2013,Power Plants,2,6.75,"C,D"
2013,Power Plants,3,1.5,"C,D"
2013,Power Plants,2,5,"C,D"
2013,Power Plants,3,1.5,"C,D"
2013,Power Plants,2,5.25,"C,D"
2013,Power Plants,3,1.5,"C,D"
2013,Power Plants,2,181.25,"C,D"
2013,Power Plants,2,171,"C,D"
2013,Power Plants,2,11,"C,D"
2012,Power Plants,2,10.5,"C,D"
2012,Power Plants,3,1.25,"C,D"
2012,Power Plants,2,4.75,"C,D"
2012,Power Plants,3,1.25,"C,D"
2012,Power Plants,2,7,"C,D"
2012,Power Plants,3,1.25,"C,D"
2012,Power Plants,2,207.5,"C,D"
2012,Power Plants,2,202.75,"C,D"
2012,Power Plants,2,44.75,"C,D"
2011,Power Plants,2,4,"C,D"
2011,Power Plants,3,1,"C,D"
2011,Power Plants,2,8.5,"C,D"
2011,Power Plants,3,1.5,"C,D"
2011,Power Plants,2,4.5,"C,D"
2011,Power Plants,3,1.25,"C,D"
2011,Power Plants,2,151,"C,D"
2011,Power Plants,2,132,"C,D"
2011,Power Plants,2,18.25,"C,D"
2022,Power Plants,2,9,D
2022,Power Plants,2,4,D
2021,Power Plants,2,3.5,D
2021,Power Plants,2,3.5,D
2020,Power Plants,2,7.5,D
2020,Power Plants,2,3,D
2019,Power Plants,2,2.5,D
2019,Power Plants,2,1.25,D
2018,Power Plants,2,3.5,D
2018,Power Plants,2,1.5,D
2017,Power Plants,2,5,D
2017,Power Plants,2,2.75,D
2016,Power Plants,2,0.25,D
2016,Power Plants,2,8.5,D
2015,Power Plants,2,0.25,D
2015,Power Plants,2,1,D
2014,Power Plants,2,1.5,D
2014,Power Plants,2,2.5,D
2013,Power Plants,2,2.5,D
2013,Power Plants,2,2,D
2012,Power Plants,2,7,D
2012,Power Plants,2,6.25,D
2011,Power Plants,2,3.5,D
2011,Power Plants,2,1.25,D
2012,Power Plants,4,1,D
2022,Power Plants,2,23.25,D
2022,Power Plants,2,23,D
2022,Power Plants,2,29,D
2022,Power Plants,2,26.75,D
2021,Power Plants,2,26,D
2021,Power Plants,2,24.5,D
2021,Power Plants,2,23,D
2021,Power Plants,2,20.25,D
2020,Power Plants,2,56.25,D
2020,Power Plants,2,56.25,D
2020,Power Plants,2,51.5,D
2020,Power Plants,2,51,D
2019,Power Plants,2,20.75,D
2019,Power Plants,2,20.75,D
2019,Power Plants,2,19.5,D
2019,Power Plants,2,19,D
2018,Power Plants,2,17.5,D
2018,Power Plants,2,17.25,D
2018,Power Plants,2,23.5,D
2018,Power Plants,2,22.75,D
2017,Power Plants,2,9.25,D
2017,Power Plants,2,8.75,D
2017,Power Plants,2,9.5,D
2017,Power Plants,2,9.25,D
2016,Power Plants,2,22.25,D
2016,Power Plants,2,22.5,D
2016,Power Plants,2,21.5,D
2016,Power Plants,2,21.25,D
2015,Power Plants,2,1.25,D
2015,Power Plants,2,1.5,D
2015,Power Plants,2,1.5,D
2015,Power Plants,2,1,D
2014,Power Plants,2,0.75,D
2014,Power Plants,2,0.75,D
2014,Power Plants,2,0.5,D
2014,Power Plants,2,0.5,D
2013,Power Plants,2,6,D
2013,Power Plants,2,6.25,D
2013,Power Plants,2,6,D
2013,Power Plants,2,6,D
2012,Power Plants,2,9.5,D
2012,Power Plants,2,9.25,D
2012,Power Plants,2,9.5,D
2012,Power Plants,2,9.25,D
2011,Power Plants,2,2.25,D
2011,Power Plants,2,2.25,D
2011,Power Plants,2,2,D
2011,Power Plants,2,2,D
2022,Power Plants,2,65.25,"C,D"
2022,Power Plants,2,63.75,"C,D"
2022,Power Plants,2,0.75,"C,D"
2022,Power Plants,2,1,"C,D"
2021,Power Plants,2,65.25,"C,D"
2021,Power Plants,2,60.25,"C,D"
2021,Power Plants,2,7.75,"C,D"
2021,Power Plants,2,1.25,"C,D"
2020,Power Plants,2,64.25,"C,D"
2020,Power Plants,2,63,"C,D"
2020,Power Plants,1,24.5,"C,D"
2020,Power Plants,2,8,"C,D"
2019,Power Plants,2,60.25,"C,D"
2019,Power Plants,2,52.25,"C,D"
2019,Power Plants,1,139.75,"C,D"
2019,Power Plants,1,34.75,"C,D"
2019,Power Plants,1,16.75,"C,D"
2019,Power Plants,2,9,"C,D"
2018,Power Plants,2,59,"C,D"
2018,Power Plants,2,52.5,"C,D"
2018,Power Plants,1,926.25,"C,D"
2018,Power Plants,4,0.25,"C,D"
2018,Power Plants,1,289.25,"C,D"
2018,Power Plants,4,0.25,"C,D"
2018,Power Plants,1,247,"C,D"
2018,Power Plants,2,6,"C,D"
2018,Power Plants,2,0.25,"C,D"
2017,Power Plants,2,52.75,"C,D"
2017,Power Plants,2,43,"C,D"
2017,Power Plants,1,732.5,"C,D"
2017,Power Plants,4,0.25,"C,D"
2017,Power Plants,1,639.25,"C,D"
2017,Power Plants,4,0.25,"C,D"
2017,Power Plants,1,69.5,"C,D"
2017,Power Plants,2,32,"C,D"
2016,Power Plants,2,47.25,"C,D"
2016,Power Plants,2,60.5,"C,D"
2016,Power Plants,1,724.25,"C,D"
2016,Power Plants,4,0.25,"C,D"
2016,Power Plants,1,871,"C,D"
2016,Power Plants,1,424,"C,D"
2016,Power Plants,2,6,"C,D"
2015,Power Plants,1,18,"C,D"
2015,Power Plants,2,47,"C,D"
2015,Power Plants,2,55.25,"C,D"
2015,Power Plants,1,42.5,"C,D"
2015,Power Plants,1,591.75,"C,D"
2015,Power Plants,4,0.25,"C,D"
2015,Power Plants,1,659,"C,D"
2015,Power Plants,4,0.25,"C,D"
2015,Power Plants,1,539.75,"C,D"
2015,Power Plants,2,10.5,"C,D"
2014,Power Plants,1,131.75,"C,D"
2014,Power Plants,4,0.5,"C,D"
2014,Power Plants,2,53.75,"C,D"
2014,Power Plants,2,44.5,"C,D"
2014,Power Plants,1,204,"C,D"
2014,Power Plants,4,0.25,"C,D"
2014,Power Plants,1,323.25,"C,D"
2014,Power Plants,4,0.25,"C,D"
2014,Power Plants,1,663,"C,D"
2014,Power Plants,4,0.25,"C,D"
2014,Power Plants,1,828.5,"C,D"
2014,Power Plants,2,9.5,"C,D"
2013,Power Plants,1,61.5,"C,D"
2013,Power Plants,2,20.75,"C,D"
2013,Power Plants,1,63.25,"C,D"
2013,Power Plants,2,15.25,"C,D"
2013,Power Plants,1,284.5,"C,D"
2013,Power Plants,1,686,"C,D"
2013,Power Plants,1,230.5,"C,D"
2013,Power Plants,1,709.75,"C,D"
2013,Power Plants,2,76,"C,D"
2013,Power Plants,1,71.75,"C,D"
2013,Power Plants,1,54.75,"C,D"
2013,Power Plants,1,63.5,"C,D"
2012,Power Plants,1,178,"C,D"
2012,Power Plants,1,214.25,"C,D"
2012,Power Plants,1,347,"C,D"
2012,Power Plants,1,977.75,"C,D"
2012,Power Plants,1,480,"C,D"
2012,Power Plants,1,1310.25,"C,D"
2012,Power Plants,1,117.5,"C,D"
2012,Power Plants,1,92,"C,D"
2012,Power Plants,1,110.75,"C,D"
2012,Power Plants,2,0.25,"C,D"
2011,Power Plants,1,457.5,"C,D"
2011,Power Plants,1,446.75,"C,D"
2011,Power Plants,1,437.25,"C,D"
2011,Power Plants,4,0.25,"C,D"
2011,Power Plants,1,1306,"C,D"
2011,Power Plants,1,901.25,"C,D"
2011,Power Plants,1,1327.5,"C,D"
2011,Power Plants,1,119.25,"C,D"
2011,Power Plants,1,129,"C,D"
2011,Power Plants,1,110,"C,D"
2011,Power Plants,1,3.5,"C,D"
2011,Power Plants,2,0.25,"C,D"
2016,Power Plants,1,215,"C,D"
2016,Power Plants,2,4.75,"C,D"
2016,Power Plants,3,182,"C,D"
2015,Power Plants,1,649.75,"C,D"
2015,Power Plants,2,4.5,"C,D"
2015,Power Plants,3,380.5,"C,D"
2014,Power Plants,1,855.75,"C,D"
2014,Power Plants,2,0.25,"C,D"
2014,Power Plants,3,214,"C,D"
2013,Power Plants,1,64,"C,D"
2013,Power Plants,3,70.5,"C,D"
2013,Power Plants,4,0.5,"C,D"
2012,Power Plants,1,94.5,"C,D"
2012,Power Plants,3,53.5,"C,D"
2012,Power Plants,4,0.75,"C,D"
2011,Power Plants,1,89.25,"C,D"
2011,Power Plants,4,2.75,"C,D"
2022,Power Plants,1,2902.25,"C,D"
2022,Power Plants,4,0.25,"C,D"
2022,Power Plants,2,50,"C,D"
2022,Power Plants,2,57.75,"C,D"
2022,Power Plants,2,18.5,"C,D"
2022,Power Plants,4,0.5,"C,D"
2022,Power Plants,2,0.25,"C,D"
2022,Power Plants,2,0.75,"C,D"
2021,Power Plants,1,2552.5,"C,D"
2021,Power Plants,4,0.25,"C,D"
2021,Power Plants,4,0.25,"C,D"
2020,Power Plants,1,2051,"C,D"
2020,Power Plants,4,0.25,"C,D"
2020,Power Plants,4,0.5,"C,D"
2019,Power Plants,1,2536.25,"C,D"
2019,Power Plants,4,0.25,"C,D"
2019,Power Plants,4,0.5,"C,D"
2018,Power Plants,1,2621.5,"C,D"
2018,Power Plants,4,0.25,"C,D"
2018,Power Plants,4,0.5,"C,D"
2017,Power Plants,1,3595.5,"C,D"
2017,Power Plants,4,0.25,"C,D"
2017,Power Plants,4,0.25,"C,D"
2017,Power Plants,4,2.75,"C,D"
2016,Power Plants,1,2947.75,"C,D"
2016,Power Plants,4,0.5,"C,D"
2016,Power Plants,4,16.25,"C,D"
2015,Power Plants,1,3239,"C,D"
2015,Power Plants,4,0.25,"C,D"
2015,Power Plants,4,0.25,"C,D"
2014,Power Plants,1,3461.25,"C,D"
2014,Power Plants,4,0.75,"C,D"
2014,Power Plants,4,0.25,"C,D"
2013,Power Plants,1,3526.25,"C,D"
2012,Power Plants,1,2302.25,"C,D"
2012,Power Plants,4,0.25,"C,D"
2011,Power Plants,1,2905,"C,D"
2011,Power Plants,4,0.25,"C,D"
2011,Power Plants,4,0.25,"C,D"
2015,Power Plants,1,12.25,C
2015,Power Plants,1,12.5,C
2014,Power Plants,4,0.25,C
2014,Power Plants,1,53.25,C
2014,Power Plants,1,49.75,C
2012,Power Plants,4,2.5,C
2012,Power Plants,1,42.5,C
2012,Power Plants,1,30,C
2011,Power Plants,1,130,C
2011,Power Plants,1,225,C
2022,Power Plants,2,88.5,"C,D"
2022,Power Plants,2,0.5,"C,D"
2022,Power Plants,2,15.5,"C,D"
2022,Power Plants,2,17,"C,D"
2022,Power Plants,2,17.25,"C,D"
2022,Power Plants,2,0.25,"C,D"
2021,Power Plants,2,177.75,"C,D"
2021,Power Plants,2,0.25,"C,D"
2021,Power Plants,2,18,"C,D"
2021,Power Plants,2,18,"C,D"
2021,Power Plants,2,17.75,"C,D"
2020,Power Plants,2,236.5,"C,D"
2020,Power Plants,4,0.25,"C,D"
2020,Power Plants,2,0.5,"C,D"
2020,Power Plants,2,11,"C,D"
2020,Power Plants,2,11,"C,D"
2020,Power Plants,2,12.5,"C,D"
2020,Power Plants,2,0.5,"C,D"
2019,Power Plants,2,236.75,"C,D"
2019,Power Plants,4,0.25,"C,D"
2019,Power Plants,2,0.5,"C,D"
2019,Power Plants,2,9,"C,D"
2019,Power Plants,2,8.25,"C,D"
2019,Power Plants,2,10,"C,D"
2019,Power Plants,2,0.5,"C,D"
2018,Power Plants,2,177.5,"C,D"
2018,Power Plants,4,0.25,"C,D"
2018,Power Plants,2,0.75,"C,D"
2018,Power Plants,2,17.25,"C,D"
2018,Power Plants,2,17,"C,D"
2018,Power Plants,2,18,"C,D"
2018,Power Plants,2,0.75,"C,D"
2017,Power Plants,2,90.25,"C,D"
2017,Power Plants,4,0.25,"C,D"
2017,Power Plants,2,0.5,"C,D"
2017,Power Plants,2,14.25,"C,D"
2017,Power Plants,2,8.5,"C,D"
2017,Power Plants,2,14.25,"C,D"
2017,Power Plants,2,0.75,"C,D"
2016,Power Plants,2,90.25,"C,D"
2016,Power Plants,4,0.25,"C,D"
2016,Power Plants,2,0.5,"C,D"
2016,Power Plants,2,17.5,"C,D"
2016,Power Plants,2,21,"C,D"
2016,Power Plants,2,18.5,"C,D"
2016,Power Plants,2,0.75,"C,D"
2015,Power Plants,2,40.25,"C,D"
2015,Power Plants,4,0.25,"C,D"
2015,Power Plants,2,0.25,"C,D"
2015,Power Plants,2,6.5,"C,D"
2015,Power Plants,2,6.5,"C,D"
2015,Power Plants,2,6.5,"C,D"
2015,Power Plants,2,0.25,"C,D"
2014,Power Plants,2,46.25,"C,D"
2014,Power Plants,2,0.5,"C,D"
2014,Power Plants,4,0.5,"C,D"
2014,Power Plants,2,8.5,"C,D"
2014,Power Plants,2,11.5,"C,D"
2014,Power Plants,2,9.5,"C,D"
2014,Power Plants,2,0.25,"C,D"
2013,Power Plants,2,64.5,"C,D"
2013,Power Plants,4,0.75,"C,D"
2013,Power Plants,4,0.25,"C,D"
2013,Power Plants,2,9.75,"C,D"
2013,Power Plants,2,16.75,"C,D"
2013,Power Plants,2,20.25,"C,D"
2013,Power Plants,2,0.25,"C,D"
2012,Power Plants,2,8.75,"C,D"
2012,Power Plants,4,0.5,"C,D"
2012,Power Plants,4,1.25,"C,D"
2012,Power Plants,2,8.75,"C,D"
2012,Power Plants,2,9.5,"C,D"
2012,Power Plants,2,8.75,"C,D"
2012,Power Plants,2,0.25,"C,D"
2011,Power Plants,2,101.25,"C,D"
2011,Power Plants,4,5,"C,D"
2011,Power Plants,4,4.25,"C,D"
2011,Power Plants,2,6.25,"C,D"
2011,Power Plants,2,5,"C,D"
2011,Power Plants,2,6.5,"C,D"
2011,Power Plants,2,0.5,"C,D"
2016,Power Plants,2,0.25,"C,D"
2016,Power Plants,2,0.25,"C,D"
2016,Power Plants,2,0.5,"C,D"
2016,Power Plants,2,0.25,"C,D"
2016,Power Plants,2,0.25,"C,D"
2014,Power Plants,2,0.75,"C,D"
2014,Power Plants,2,2,"C,D"
2013,Power Plants,2,0.5,"C,D"
2013,Power Plants,2,0.25,"C,D"
2012,Power Plants,2,0.5,"C,D"
2012,Power Plants,2,0.25,"C,D"
2011,Power Plants,2,0.25,"C,D"
2011,Power Plants,2,0.5,"C,D"
2013,Power Plants,1,148.75,"C,D"
2013,Power Plants,4,0.5,"C,D"
2013,Power Plants,2,0.25,"C,D"
2012,Power Plants,1,281.25,"C,D"
2012,Power Plants,4,1.75,"C,D"
2012,Power Plants,4,1.25,"C,D"
2012,Power Plants,4,0.25,"C,D"
2011,Power Plants,1,577.75,"C,D"
2011,Power Plants,4,2.5,"C,D"
2011,Power Plants,4,1,"C,D"
2019,Power Plants,3,94.5,C
2019,Power Plants,3,242.75,C
2018,Power Plants,3,136,C
2018,Power Plants,3,306.5,C
2017,Power Plants,3,151.75,C
2017,Power Plants,3,339.75,C
2016,Power Plants,3,171.75,C
2016,Power Plants,3,340.75,C
2015,Power Plants,3,204,C
2015,Power Plants,3,351.5,C
2014,Power Plants,3,253.75,C
2014,Power Plants,3,335.75,C
2013,Power Plants,3,157.5,C
2013,Power Plants,3,1487.5,C
2012,Power Plants,3,255,C
2012,Power Plants,3,1537.5,C
2011,Power Plants,2,0.25,C
2011,Power Plants,2,0.25,C
2011,Power Plants,3,242.5,C
2011,Power Plants,3,1607.5,C
2022,Power Plants,1,369.5,"C,D"
2022,Power Plants,1,402.75,"C,D"
2022,Power Plants,1,1261,"C,D"
2022,Power Plants,4,0.5,"C,D"
2022,Power Plants,4,1.25,"C,D"
2022,Power Plants,2,0.25,"C,D"
2021,Power Plants,1,502.25,"C,D"
2021,Power Plants,1,349,"C,D"
2021,Power Plants,1,1330.75,"C,D"
2021,Power Plants,4,0.25,"C,D"
2021,Power Plants,4,1.25,"C,D"
2021,Power Plants,2,0.25,"C,D"
2020,Power Plants,1,204.5,"C,D"
2020,Power Plants,1,238.25,"C,D"
2020,Power Plants,1,1327.25,"C,D"
2020,Power Plants,4,1,"C,D"
2020,Power Plants,4,1,"C,D"
2020,Power Plants,2,0.25,"C,D"
2019,Power Plants,1,407.25,"C,D"
2019,Power Plants,1,453.5,"C,D"
2019,Power Plants,1,1304.5,"C,D"
2019,Power Plants,4,0.25,"C,D"
2019,Power Plants,4,0.25,"C,D"
2019,Power Plants,2,0.25,"C,D"
2018,Power Plants,1,314.75,"C,D"
2018,Power Plants,1,376.5,"C,D"
2018,Power Plants,1,1330.25,"C,D"
2018,Power Plants,4,1,"C,D"
2018,Power Plants,4,1.5,"C,D"
2018,Power Plants,2,0.25,"C,D"
2017,Power Plants,1,284.75,"C,D"
2017,Power Plants,1,323,"C,D"
2017,Power Plants,1,1423.75,"C,D"
2017,Power Plants,4,0.5,"C,D"
2017,Power Plants,4,0.25,"C,D"
2017,Power Plants,4,0.25,"C,D"
2017,Power Plants,2,0.25,"C,D"
2016,Power Plants,1,232.75,"C,D"
2016,Power Plants,1,271.75,"C,D"
2016,Power Plants,1,676.5,"C,D"
2016,Power Plants,1,273.25,"C,D"
2016,Power Plants,4,0.75,"C,D"
2016,Power Plants,4,0.25,"C,D"
2016,Power Plants,4,1.5,"C,D"
2016,Power Plants,2,0.25,"C,D"
2016,Power Plants,1,116,"C,D"
2016,Power Plants,1,119,"C,D"
2015,Power Plants,1,847,"C,D"
2015,Power Plants,4,0.25,"C,D"
2015,Power Plants,2,0.25,"C,D"
2015,Power Plants,1,740,"C,D"
2015,Power Plants,1,739.25,"C,D"
2014,Power Plants,1,915,"C,D"
2014,Power Plants,4,0.25,"C,D"
2014,Power Plants,1,647,"C,D"
2014,Power Plants,1,662,"C,D"
2013,Power Plants,1,839.25,"C,D"
2013,Power Plants,4,0.25,"C,D"
2013,Power Plants,4,0.5,"C,D"
2013,Power Plants,4,0.25,"C,D"
2013,Power Plants,1,718.75,"C,D"
2013,Power Plants,1,707,"C,D"
2012,Power Plants,1,717.75,"C,D"
2012,Power Plants,4,0.75,"C,D"
2012,Power Plants,4,0.75,"C,D"
2012,Power Plants,1,654.25,"C,D"
2012,Power Plants,1,689.75,"C,D"
2011,Power Plants,1,733.25,"C,D"
2011,Power Plants,4,0.75,"C,D"
2011,Power Plants,1,740,"C,D"
2011,Power Plants,1,732,"C,D"
2016,Power Plants,1,42.5,"C,D"
2016,Power Plants,1,37,"C,D"
2016,Power Plants,1,40,"C,D"
2015,Power Plants,1,170.25,"C,D"
2015,Power Plants,1,133.75,"C,D"
2015,Power Plants,1,197.5,"C,D"
2014,Power Plants,1,135.25,"C,D"
2014,Power Plants,1,152.25,"C,D"
2014,Power Plants,1,216,"C,D"
2013,Power Plants,1,148.25,"C,D"
2013,Power Plants,1,157.75,"C,D"
2013,Power Plants,1,167.25,"C,D"
2012,Power Plants,1,130.25,"C,D"
2012,Power Plants,1,116.75,"C,D"
2012,Power Plants,1,135.75,"C,D"
2011,Power Plants,1,117,"C,D"
2011,Power Plants,1,160,"C,D"
2011,Power Plants,1,177.25,"C,D"
2011,Power Plants,4,0.25,"C,D"
2022,Power Plants,2,149.5,"C,D"
2022,Power Plants,2,52.75,"C,D"
2022,Power Plants,2,51.75,"C,D"
2022,Power Plants,2,51.5,"C,D"
2022,Power Plants,2,55.75,"C,D"
2022,Power Plants,2,53.75,"C,D"
2022,Power Plants,2,54.5,"C,D"
2021,Power Plants,2,129.25,"C,D"
2021,Power Plants,2,0.25,"C,D"
2021,Power Plants,2,49.75,"C,D"
2021,Power Plants,2,49.5,"C,D"
2021,Power Plants,2,54.75,"C,D"
2021,Power Plants,2,54.5,"C,D"
2021,Power Plants,2,52.25,"C,D"
2021,Power Plants,2,55.25,"C,D"
2020,Power Plants,2,104.75,"C,D"
2020,Power Plants,2,0.25,"C,D"
2020,Power Plants,2,45,"C,D"
2020,Power Plants,2,44.25,"C,D"
2020,Power Plants,2,42,"C,D"
2020,Power Plants,2,43,"C,D"
2020,Power Plants,2,46.25,"C,D"
2020,Power Plants,2,44.75,"C,D"
2019,Power Plants,2,127.5,"C,D"
2019,Power Plants,2,0.25,"C,D"
2019,Power Plants,2,49.5,"C,D"
2019,Power Plants,2,51.25,"C,D"
2019,Power Plants,2,51.5,"C,D"
2019,Power Plants,2,52,"C,D"
2019,Power Plants,2,49.75,"C,D"
2019,Power Plants,2,53.75,"C,D"
2018,Power Plants,2,103.75,"C,D"
2018,Power Plants,2,52.5,"C,D"
2018,Power Plants,2,52.5,"C,D"
2018,Power Plants,2,52.5,"C,D"
2018,Power Plants,2,51,"C,D"
2018,Power Plants,2,53,"C,D"
2018,Power Plants,2,52.5,"C,D"
2017,Power Plants,2,102.5,"C,D"
2017,Power Plants,2,45,"C,D"
2017,Power Plants,2,46.25,"C,D"
2017,Power Plants,2,46,"C,D"
2017,Power Plants,2,48.5,"C,D"
2017,Power Plants,2,47.5,"C,D"
2017,Power Plants,2,46,"C,D"
2016,Power Plants,2,121.75,"C,D"
2016,Power Plants,2,51.5,"C,D"
2016,Power Plants,2,51.75,"C,D"
2016,Power Plants,2,51,"C,D"
2016,Power Plants,2,52,"C,D"
2016,Power Plants,2,51.5,"C,D"
2016,Power Plants,2,51.25,"C,D"
2015,Power Plants,2,69,"C,D"
2015,Power Plants,2,30,"C,D"
2015,Power Plants,2,29.75,"C,D"
2015,Power Plants,2,25.25,"C,D"
2015,Power Plants,2,30.5,"C,D"
2015,Power Plants,2,29.5,"C,D"
2015,Power Plants,2,29.75,"C,D"
2014,Power Plants,2,36.25,"C,D"
2014,Power Plants,2,15.75,"C,D"
2014,Power Plants,2,16,"C,D"
2014,Power Plants,2,15.75,"C,D"
2014,Power Plants,2,16,"C,D"
2014,Power Plants,2,15.5,"C,D"
2014,Power Plants,2,15.75,"C,D"
2013,Power Plants,2,58.25,"C,D"
2013,Power Plants,2,22.5,"C,D"
2013,Power Plants,2,22,"C,D"
2013,Power Plants,2,22.25,"C,D"
2013,Power Plants,2,21.25,"C,D"
2013,Power Plants,2,22,"C,D"
2013,Power Plants,2,21.75,"C,D"
2012,Power Plants,2,116.5,"C,D"
2012,Power Plants,2,42,"C,D"
2012,Power Plants,2,41.5,"C,D"
2012,Power Plants,2,42,"C,D"
2012,Power Plants,2,41.25,"C,D"
2012,Power Plants,2,42.75,"C,D"
2012,Power Plants,2,42.75,"C,D"
2011,Power Plants,2,64.75,"C,D"
2011,Power Plants,2,0.5,"C,D"
2011,Power Plants,2,25.5,"C,D"
2011,Power Plants,2,26.5,"C,D"
2011,Power Plants,2,25.75,"C,D"
2011,Power Plants,2,26.5,"C,D"
2011,Power Plants,2,26.5,"C,D"
2011,Power Plants,2,25,"C,D"
2018,Power Plants,2,0.25,"C,D"
2017,Power Plants,2,0.25,"C,D"
2016,Power Plants,1,66.5,"C,D"
2016,Power Plants,1,10,"C,D"
2016,Power Plants,2,0.25,"C,D"
2015,Power Plants,1,129.75,"C,D"
2015,Power Plants,1,124.5,"C,D"
2015,Power Plants,1,114.5,"C,D"
2015,Power Plants,2,0.25,"C,D"
2014,Power Plants,1,108.25,"C,D"
2014,Power Plants,1,38.25,"C,D"
2014,Power Plants,1,93.75,"C,D"
2014,Power Plants,2,0.25,"C,D"
2013,Power Plants,1,139.75,"C,D"
2013,Power Plants,1,79.75,"C,D"
2013,Power Plants,1,32,"C,D"
2013,Power Plants,2,0.25,"C,D"
2012,Power Plants,1,103.5,"C,D"
2012,Power Plants,1,81.75,"C,D"
2012,Power Plants,1,44.25,"C,D"
2011,Power Plants,1,171.5,"C,D"
2011,Power Plants,1,389.25,"C,D"
2011,Power Plants,1,333.75,"C,D"
2011,Power Plants,2,0.25,"C,D"
2022,Power Plants,2,32.5,D
2021,Power Plants,2,12.5,D
2020,Power Plants,2,24,D
2019,Power Plants,2,18.5,D
2018,Power Plants,2,3.5,D
2017,Power Plants,2,2,D
2016,Power Plants,2,2.75,D
2015,Power Plants,2,0.5,D
2014,Power Plants,2,1,D
2013,Power Plants,2,1,D
2012,Power Plants,2,2.25,D
2011,Power Plants,2,1.25,D
2022,Power Plants,2,7.75,"C,D"
2022,Power Plants,2,3.75,"C,D"
2021,Power Plants,2,7,"C,D"
2021,Power Plants,2,7,"C,D"
2020,Power Plants,2,3,"C,D"
2020,Power Plants,2,3,"C,D"
2019,Power Plants,2,3.25,"C,D"
2019,Power Plants,2,3,"C,D"
2019,Power Plants,2,0.25,"C,D"
2018,Power Plants,2,5,"C,D"
2018,Power Plants,2,5.25,"C,D"
2018,Power Plants,2,0.25,"C,D"
2017,Power Plants,2,2.5,"C,D"
2017,Power Plants,2,2.5,"C,D"
2017,Power Plants,2,0.25,"C,D"
2016,Power Plants,2,6,"C,D"
2016,Power Plants,2,6,"C,D"
2016,Power Plants,2,0.25,"C,D"
2015,Power Plants,2,5.25,"C,D"
2015,Power Plants,2,5.5,"C,D"
2015,Power Plants,2,0.25,"C,D"
2014,Power Plants,2,2.75,"C,D"
2014,Power Plants,2,3,"C,D"
2014,Power Plants,2,0.25,"C,D"
2013,Power Plants,2,3.75,"C,D"
2013,Power Plants,2,3.75,"C,D"
2013,Power Plants,2,0.25,"C,D"
2012,Power Plants,2,6,"C,D"
2012,Power Plants,2,6,"C,D"
2011,Power Plants,2,3.5,"C,D"
2011,Power Plants,2,2.75,"C,D"
2022,Power Plants,2,1.25,"C,D"
2022,Power Plants,2,2.25,"C,D"
2022,Power Plants,2,1,"C,D"
2022,Power Plants,2,1,"C,D"
2021,Power Plants,2,1.25,"C,D"
2021,Power Plants,2,0.75,"C,D"
2021,Power Plants,2,0.5,"C,D"
2021,Power Plants,2,0.75,"C,D"
2021,Power Plants,2,0.25,"C,D"
2020,Power Plants,2,0.25,"C,D"
2020,Power Plants,2,0.5,"C,D"
2020,Power Plants,2,0.75,"C,D"
2020,Power Plants,2,0.25,"C,D"
2019,Power Plants,2,0.75,"C,D"
2019,Power Plants,2,4.25,"C,D"
2018,Power Plants,2,0.5,"C,D"
2018,Power Plants,2,0.5,"C,D"
2018,Power Plants,2,0.5,"C,D"
2018,Power Plants,2,0.5,"C,D"
2017,Power Plants,2,0.5,"C,D"
2017,Power Plants,2,0.5,"C,D"
2017,Power Plants,2,0.5,"C,D"
2017,Power Plants,2,0.5,"C,D"
2016,Power Plants,2,0.75,"C,D"
2016,Power Plants,2,0.5,"C,D"
2016,Power Plants,2,0.75,"C,D"
2016,Power Plants,2,0.75,"C,D"
2015,Power Plants,2,2.25,"C,D"
2015,Power Plants,2,0.25,"C,D"
2014,Power Plants,2,0.25,"C,D"
2014,Power Plants,2,0.75,"C,D"
2014,Power Plants,2,0.25,"C,D"
2013,Power Plants,2,0.5,"C,D"
2013,Power Plants,2,2.25,"C,D"
2013,Power Plants,2,1.25,"C,D"
2013,Power Plants,2,1.5,"C,D"
2012,Power Plants,2,1.75,"C,D"
2012,Power Plants,2,1.25,"C,D"
2012,Power Plants,2,2.5,"C,D"
2012,Power Plants,2,0.25,"C,D"
2011,Power Plants,2,4,"C,D"
2011,Power Plants,2,1.75,"C,D"
2011,Power Plants,2,5.25,"C,D"
2011,Power Plants,2,3,"C,D"
2022,Power Plants,2,249.5,"C,D"
2022,Power Plants,2,1.5,"C,D"
2022,Power Plants,2,2,"C,D"
2021,Power Plants,2,208,"C,D"
2021,Power Plants,2,5.75,"C,D"
2021,Power Plants,2,5.5,"C,D"
2020,Power Plants,2,243.25,"C,D"
2020,Power Plants,2,0.5,"C,D"
2020,Power Plants,2,0.25,"C,D"
2019,Power Plants,2,229,"C,D"
2019,Power Plants,2,1,"C,D"
2019,Power Plants,2,1,"C,D"
2018,Power Plants,2,236.75,"C,D"
2018,Power Plants,2,0.25,"C,D"
2018,Power Plants,2,0.25,"C,D"
2017,Power Plants,2,229.5,"C,D"
2017,Power Plants,2,0.25,"C,D"
2016,Power Plants,2,240.5,"C,D"
2016,Power Plants,2,0.25,"C,D"
2016,Power Plants,2,0.25,"C,D"
2015,Power Plants,2,250,"C,D"
2015,Power Plants,2,0.25,"C,D"
2015,Power Plants,2,0.25,"C,D"
2014,Power Plants,2,243.5,"C,D"
2014,Power Plants,2,0.25,"C,D"
2014,Power Plants,2,0.25,"C,D"
2013,Power Plants,4,662.5,"C,D"
2013,Power Plants,2,0.25,"C,D"
2013,Power Plants,2,0.25,"C,D"
2012,Power Plants,2,5025.25,"C,D"
2012,Power Plants,2,0.25,"C,D"
2012,Power Plants,2,0.25,"C,D"
2011,Power Plants,2,259.75,"C,D"
2011,Power Plants,2,150,"C,D"
2011,Power Plants,2,2.25,"C,D"
2022,Power Plants,2,121.75,C
2022,Power Plants,2,119,C
2022,Power Plants,2,129.75,C
2022,Power Plants,2,131.25,C
2022,Power Plants,2,105.5,C
2022,Power Plants,2,168.75,C
2022,Power Plants,2,111.5,C
2022,Power Plants,2,135,C
2022,Power Plants,2,153.25,C
2022,Power Plants,2,202,C
2022,Power Plants,2,139.5,C
2022,Power Plants,2,134.5,C
2022,Power Plants,2,5,C
2022,Power Plants,2,5.5,C
2022,Power Plants,2,8,C
2022,Power Plants,2,2.25,C
2022,Power Plants,2,1.75,C
2022,Power Plants,2,4,C
2021,Power Plants,2,131.25,C
2021,Power Plants,2,133,C
2021,Power Plants,2,157.75,C
2021,Power Plants,2,108.5,C
2021,Power Plants,2,104.5,C
2021,Power Plants,2,119,C
2021,Power Plants,2,111,C
2021,Power Plants,2,127.25,C
2021,Power Plants,2,97.75,C
2021,Power Plants,2,176,C
2021,Power Plants,2,125.25,C
2021,Power Plants,2,120.25,C
2021,Power Plants,2,4.75,C
2021,Power Plants,2,4.5,C
2021,Power Plants,2,11.5,C
2021,Power Plants,2,5,C
2021,Power Plants,2,0.25,C
2020,Power Plants,2,167.75,C
2020,Power Plants,2,190.75,C
2020,Power Plants,2,173.25,C
2020,Power Plants,2,157,C
2020,Power Plants,2,168.5,C
2020,Power Plants,2,178.25,C
2020,Power Plants,2,158.25,C
2020,Power Plants,2,182.5,C
2020,Power Plants,2,182.5,C
2020,Power Plants,2,206,C
2020,Power Plants,2,176.5,C
2020,Power Plants,2,160.75,C
2020,Power Plants,2,1.75,C
2020,Power Plants,2,1,C
2019,Power Plants,2,139.5,C
2019,Power Plants,2,194.75,C
2019,Power Plants,2,163.25,C
2019,Power Plants,2,166,C
2019,Power Plants,2,156.25,C
2019,Power Plants,2,161,C
2019,Power Plants,2,143.75,C
2019,Power Plants,2,175.25,C
2019,Power Plants,2,144,C
2019,Power Plants,2,194.5,C
2019,Power Plants,2,168.75,C
2019,Power Plants,2,158,C
2019,Power Plants,2,0.5,C
2019,Power Plants,2,0.25,C
2019,Power Plants,2,1.5,C
2019,Power Plants,2,0.5,C
2019,Power Plants,2,1,C
2019,Power Plants,2,0.25,C
2018,Power Plants,2,134.75,C
2018,Power Plants,2,132.25,C
2018,Power Plants,2,166.75,C
2018,Power Plants,2,126,C
2018,Power Plants,2,116.25,C
2018,Power Plants,2,185.5,C
2018,Power Plants,2,148,C
2018,Power Plants,2,146.5,C
2018,Power Plants,2,130.75,C
2018,Power Plants,2,189.5,C
2018,Power Plants,2,130.5,C
2018,Power Plants,2,152,C
2018,Power Plants,2,1,C
2018,Power Plants,2,1.75,C
2018,Power Plants,2,3.75,C
2018,Power Plants,2,2.25,C
2018,Power Plants,2,1.5,C
2017,Power Plants,2,136,C
2017,Power Plants,2,122.5,C
2017,Power Plants,2,103,C
2017,Power Plants,2,110.75,C
2017,Power Plants,2,134.5,C
2017,Power Plants,2,107.75,C
2017,Power Plants,2,104.25,C
2017,Power Plants,2,108.25,C
2017,Power Plants,2,105.5,C
2017,Power Plants,2,189.75,C
2017,Power Plants,2,109.25,C
2017,Power Plants,2,112,C
2017,Power Plants,2,1.5,C
2017,Power Plants,2,6.5,C
2017,Power Plants,2,11,C
2017,Power Plants,2,10.75,C
2017,Power Plants,2,2.5,C
2017,Power Plants,2,3.75,C
2016,Power Plants,2,112,C
2016,Power Plants,2,183,C
2016,Power Plants,2,105.5,C
2016,Power Plants,2,122.75,C
2016,Power Plants,2,200.75,C
2016,Power Plants,2,114.25,C
2016,Power Plants,2,131,C
2016,Power Plants,2,147,C
2016,Power Plants,2,125,C
2016,Power Plants,2,140.5,C
2016,Power Plants,2,136.5,C
2016,Power Plants,2,172,C
2016,Power Plants,2,2.5,C
2016,Power Plants,2,3,C
2016,Power Plants,2,3,C
2016,Power Plants,2,0.75,C
2016,Power Plants,2,0.5,C
2015,Power Plants,2,91.5,C
2015,Power Plants,2,135.5,C
2015,Power Plants,2,107.75,C
2015,Power Plants,2,101.75,C
2015,Power Plants,2,84.25,C
2015,Power Plants,2,97,C
2015,Power Plants,2,86.25,C
2015,Power Plants,2,100.75,C
2015,Power Plants,2,82,C
2015,Power Plants,2,194,C
2015,Power Plants,2,103,C
2015,Power Plants,2,102,C
2015,Power Plants,2,1.5,C
2015,Power Plants,2,3.25,C
2015,Power Plants,2,5.75,C
2015,Power Plants,2,3,C
2015,Power Plants,2,0.75,C
2015,Power Plants,2,0.5,C
2014,Power Plants,2,54.25,C
2014,Power Plants,2,58.5,C
2014,Power Plants,2,52,C
2014,Power Plants,2,50.5,C
2014,Power Plants,2,60.5,C
2014,Power Plants,2,46.75,C
2014,Power Plants,2,38.5,C
2014,Power Plants,2,62.5,C
2014,Power Plants,2,44.75,C
2014,Power Plants,2,170.75,C
2014,Power Plants,2,63.5,C
2014,Power Plants,2,46.75,C
2014,Power Plants,2,4.25,C
2014,Power Plants,2,18.25,C
2014,Power Plants,2,21.75,C
2014,Power Plants,2,20.75,C
2014,Power Plants,2,9,C
2014,Power Plants,2,9.5,C
2013,Power Plants,2,39.75,C
2013,Power Plants,2,74,C
2013,Power Plants,2,65.25,C
2013,Power Plants,2,60.75,C
2013,Power Plants,2,68.25,C
2013,Power Plants,2,44.75,C
2013,Power Plants,2,60,C
2013,Power Plants,2,67.25,C
2013,Power Plants,2,40.75,C
2013,Power Plants,2,214.25,C
2013,Power Plants,2,58.5,C
2013,Power Plants,2,41,C
2013,Power Plants,2,10.5,C
2013,Power Plants,2,16.75,C
2013,Power Plants,2,10,C
2013,Power Plants,2,13.75,C
2013,Power Plants,2,2.75,C
2013,Power Plants,2,6.25,C
2012,Power Plants,2,115.75,C
2012,Power Plants,2,91.5,C
2012,Power Plants,2,102,C
2012,Power Plants,2,165.5,C
2012,Power Plants,2,102.25,C
2012,Power Plants,2,107.75,C
2012,Power Plants,2,107.5,C
2012,Power Plants,2,116.5,C
2012,Power Plants,2,95.5,C
2012,Power Plants,2,217.5,C
2012,Power Plants,2,100.75,C
2012,Power Plants,2,140.75,C
2012,Power Plants,2,3.75,C
2012,Power Plants,2,7,C
2012,Power Plants,2,1.5,C
2012,Power Plants,2,2.5,C
2012,Power Plants,2,0.5,C
2012,Power Plants,2,0.5,C
2011,Power Plants,2,56.5,C
2011,Power Plants,2,104.5,C
2011,Power Plants,2,57.25,C
2011,Power Plants,2,78,C
2011,Power Plants,2,48.25,C
2011,Power Plants,2,55,C
2011,Power Plants,2,57.5,C
2011,Power Plants,2,99.25,C
2011,Power Plants,2,35.75,C
2011,Power Plants,2,196.5,C
2011,Power Plants,2,49.25,C
2011,Power Plants,2,66.25,C
2011,Power Plants,2,15.75,C
2011,Power Plants,2,18.25,C
2011,Power Plants,2,6.75,C
2011,Power Plants,2,14.75,C
2011,Power Plants,2,1.25,C
2011,Power Plants,2,3.25,C
2022,Power Plants,1,13087.75,"C,D"
2022,Power Plants,4,3,"C,D"
2022,Power Plants,1,8209.5,"C,D"
2022,Power Plants,4,4.5,"C,D"
2022,Power Plants,1,10845,"C,D"
2022,Power Plants,4,5.75,"C,D"
2022,Power Plants,1,10493.75,"C,D"
2022,Power Plants,4,4.5,"C,D"
2022,Power Plants,4,0.25,"C,D"
2022,Power Plants,4,1.5,"C,D"
2022,Power Plants,4,1.5,"C,D"
2022,Power Plants,4,1.5,"C,D"
2022,Power Plants,4,1.5,"C,D"
2022,Power Plants,4,1.5,"C,D"
2022,Power Plants,4,0.25,"C,D"
2022,Power Plants,4,0.5,"C,D"
2022,Power Plants,4,0.25,"C,D"
2022,Power Plants,4,1,"C,D"
2022,Power Plants,4,2,"C,D"
2022,Power Plants,4,0.5,"C,D"
2022,Power Plants,4,0.5,"C,D"
2022,Power Plants,4,0.25,"C,D"
2022,Power Plants,4,0.25,"C,D"
2021,Power Plants,1,10010.75,"C,D"
2021,Power Plants,4,4,"C,D"
2021,Power Plants,1,11590.5,"C,D"
2021,Power Plants,4,5.5,"C,D"
2021,Power Plants,1,12433,"C,D"
2021,Power Plants,4,3.75,"C,D"
2021,Power Plants,1,7107.75,"C,D"
2021,Power Plants,4,6.25,"C,D"
2021,Power Plants,4,0.25,"C,D"
2021,Power Plants,4,0.25,"C,D"
2021,Power Plants,4,0.5,"C,D"
2021,Power Plants,4,0.25,"C,D"
2021,Power Plants,4,0.5,"C,D"
2021,Power Plants,4,0.5,"C,D"
2021,Power Plants,4,0.5,"C,D"
2021,Power Plants,4,0.25,"C,D"
2021,Power Plants,4,0.25,"C,D"
2020,Power Plants,1,9185.5,"C,D"
2020,Power Plants,4,4.25,"C,D"
2020,Power Plants,1,7841,"C,D"
2020,Power Plants,4,7,"C,D"
2020,Power Plants,1,10040.75,"C,D"
2020,Power Plants,4,4.5,"C,D"
2020,Power Plants,1,10274.25,"C,D"
2020,Power Plants,4,6.5,"C,D"
2020,Power Plants,4,0.25,"C,D"
2020,Power Plants,4,0.25,"C,D"
2020,Power Plants,4,0.25,"C,D"
2020,Power Plants,4,0.25,"C,D"
2020,Power Plants,4,2.25,"C,D"
2020,Power Plants,4,0.5,"C,D"
2020,Power Plants,4,0.5,"C,D"
2020,Power Plants,4,0.25,"C,D"
2020,Power Plants,4,0.25,"C,D"
2019,Power Plants,1,12198,"C,D"
2019,Power Plants,4,2.5,"C,D"
2019,Power Plants,1,11656.5,"C,D"
2019,Power Plants,4,7.75,"C,D"
2019,Power Plants,1,8573.5,"C,D"
2019,Power Plants,4,3.5,"C,D"
2019,Power Plants,1,10910.25,"C,D"
2019,Power Plants,4,5.5,"C,D"
2019,Power Plants,4,0.25,"C,D"
2019,Power Plants,4,0.25,"C,D"
2019,Power Plants,4,0.75,"C,D"
2019,Power Plants,4,0.25,"C,D"
2019,Power Plants,4,0.5,"C,D"
2019,Power Plants,4,0.5,"C,D"
2019,Power Plants,4,0.25,"C,D"
2019,Power Plants,4,0.25,"C,D"
2018,Power Plants,1,10108.5,"C,D"
2018,Power Plants,4,3.5,"C,D"
2018,Power Plants,1,12503,"C,D"
2018,Power Plants,4,7.25,"C,D"
2018,Power Plants,1,12175.75,"C,D"
2018,Power Plants,4,4.5,"C,D"
2018,Power Plants,1,12144.5,"C,D"
2018,Power Plants,4,5.75,"C,D"
2018,Power Plants,4,0.25,"C,D"
2018,Power Plants,4,0.25,"C,D"
2018,Power Plants,4,0.5,"C,D"
2018,Power Plants,4,0.25,"C,D"
2018,Power Plants,4,0.5,"C,D"
2018,Power Plants,4,0.5,"C,D"
2018,Power Plants,4,0.25,"C,D"
2018,Power Plants,4,0.25,"C,D"
2017,Power Plants,1,11000.5,"C,D"
2017,Power Plants,4,5,"C,D"
2017,Power Plants,1,8309.25,"C,D"
2017,Power Plants,4,4,"C,D"
2017,Power Plants,1,11974.5,"C,D"
2017,Power Plants,4,5.75,"C,D"
2017,Power Plants,1,12304,"C,D"
2017,Power Plants,4,4.75,"C,D"
2017,Power Plants,4,0.25,"C,D"
2017,Power Plants,4,0.25,"C,D"
2017,Power Plants,4,0.5,"C,D"
2017,Power Plants,4,0.25,"C,D"
2017,Power Plants,4,0.25,"C,D"
2017,Power Plants,4,0.5,"C,D"
2017,Power Plants,4,0.5,"C,D"
2017,Power Plants,4,0.25,"C,D"
2017,Power Plants,4,0.25,"C,D"
2016,Power Plants,1,697.75,"C,D"
2016,Power Plants,4,3.25,"C,D"
2016,Power Plants,1,832.5,"C,D"
2016,Power Plants,4,4.5,"C,D"
2016,Power Plants,1,1200.75,"C,D"
2016,Power Plants,4,2.25,"C,D"
2016,Power Plants,1,851.5,"C,D"
2016,Power Plants,4,0.25,"C,D"
2016,Power Plants,4,0.25,"C,D"
2016,Power Plants,4,0.25,"C,D"
2016,Power Plants,4,0.25,"C,D"
2016,Power Plants,4,0.25,"C,D"
2016,Power Plants,4,2.5,"C,D"
2016,Power Plants,4,0.5,"C,D"
2016,Power Plants,4,0.5,"C,D"
2016,Power Plants,4,0.25,"C,D"
2016,Power Plants,4,0.25,"C,D"
2015,Power Plants,1,12187,"C,D"
2015,Power Plants,4,3.75,"C,D"
2015,Power Plants,1,10705.25,"C,D"
2015,Power Plants,4,5.75,"C,D"
2015,Power Plants,1,8478.5,"C,D"
2015,Power Plants,4,6,"C,D"
2015,Power Plants,1,13602.5,"C,D"
2015,Power Plants,4,0.25,"C,D"
2015,Power Plants,4,0.25,"C,D"
2015,Power Plants,4,0.25,"C,D"
2015,Power Plants,4,0.25,"C,D"
2015,Power Plants,4,0.25,"C,D"
2015,Power Plants,4,3,"C,D"
2015,Power Plants,4,0.5,"C,D"
2015,Power Plants,4,0.5,"C,D"
2015,Power Plants,4,0.25,"C,D"
2015,Power Plants,4,0.25,"C,D"
2014,Power Plants,1,11730,"C,D"
2014,Power Plants,4,5.75,"C,D"
2014,Power Plants,1,7755.25,"C,D"
2014,Power Plants,4,2.5,"C,D"
2014,Power Plants,1,12552.75,"C,D"
2014,Power Plants,4,4.75,"C,D"
2014,Power Plants,1,10216.25,"C,D"
2014,Power Plants,4,1,"C,D"
2014,Power Plants,4,0.25,"C,D"
2014,Power Plants,4,0.25,"C,D"
2014,Power Plants,4,0.25,"C,D"
2014,Power Plants,4,0.25,"C,D"
2014,Power Plants,4,4.75,"C,D"
2014,Power Plants,4,0.5,"C,D"
2014,Power Plants,4,0.5,"C,D"
2013,Power Plants,1,456.5,"C,D"
2013,Power Plants,4,1.5,"C,D"
2013,Power Plants,1,2936.5,"C,D"
2013,Power Plants,4,1.5,"C,D"
2013,Power Plants,1,10818.25,"C,D"
2013,Power Plants,4,5.5,"C,D"
2013,Power Plants,1,13314.5,"C,D"
2013,Power Plants,4,0.5,"C,D"
2013,Power Plants,4,0.25,"C,D"
2013,Power Plants,1,17765.75,"C,D"
2013,Power Plants,4,6.25,"C,D"
2013,Power Plants,4,0.25,"C,D"
2013,Power Plants,4,0.25,"C,D"
2013,Power Plants,4,0.25,"C,D"
2013,Power Plants,4,2,"C,D"
2013,Power Plants,4,0.5,"C,D"
2013,Power Plants,4,0.5,"C,D"
2013,Power Plants,4,0.25,"C,D"
2013,Power Plants,4,0.25,"C,D"
2012,Power Plants,1,12907.5,"C,D"
2012,Power Plants,4,1.75,"C,D"
2012,Power Plants,1,9108,"C,D"
2012,Power Plants,4,3,"C,D"
2012,Power Plants,4,0.25,"C,D"
2012,Power Plants,1,21474.25,"C,D"
2012,Power Plants,4,11.75,"C,D"
2012,Power Plants,4,0.25,"C,D"
2012,Power Plants,4,0.25,"C,D"
2012,Power Plants,4,0.25,"C,D"
2012,Power Plants,4,0.25,"C,D"
2012,Power Plants,4,0.5,"C,D"
2012,Power Plants,4,0.5,"C,D"
2012,Power Plants,4,0.25,"C,D"
2012,Power Plants,4,0.25,"C,D"
2011,Power Plants,1,10181.75,"C,D"
2011,Power Plants,4,1.75,"C,D"
2011,Power Plants,1,12564.75,"C,D"
2011,Power Plants,4,0.5,"C,D"
2011,Power Plants,4,0.25,"C,D"
2011,Power Plants,1,24111.75,"C,D"
2011,Power Plants,4,12.5,"C,D"
2011,Power Plants,4,0.25,"C,D"
2011,Power Plants,4,0.25,"C,D"
2011,Power Plants,4,0.25,"C,D"
2011,Power Plants,4,4.75,"C,D"
2011,Power Plants,4,0.5,"C,D"
2011,Power Plants,4,0.5,"C,D"
2011,Power Plants,4,0.25,"C,D"
2011,Power Plants,4,0.25,"C,D"
2021,Power Plants,2,460.75,"C,D"
2021,Power Plants,2,428,"C,D"
2021,Power Plants,2,392,"C,D"
2020,Power Plants,2,386.5,"C,D"
2020,Power Plants,2,452.75,"C,D"
2020,Power Plants,2,455,"C,D"
2019,Power Plants,2,430.5,"C,D"
2019,Power Plants,2,462,"C,D"
2019,Power Plants,2,381.5,"C,D"
2018,Power Plants,2,437,"C,D"
2018,Power Plants,2,333.75,"C,D"
2018,Power Plants,2,424,"C,D"
2017,Power Plants,2,369.25,"C,D"
2017,Power Plants,2,360.5,"C,D"
2017,Power Plants,2,382,"C,D"
2016,Power Plants,2,355,"C,D"
2016,Power Plants,2,313.25,"C,D"
2016,Power Plants,2,375.75,"C,D"
2015,Power Plants,2,178.25,"C,D"
2015,Power Plants,2,225.75,"C,D"
2015,Power Plants,2,197,"C,D"
2014,Power Plants,2,89.75,"C,D"
2014,Power Plants,2,100.5,"C,D"
2014,Power Plants,2,95.5,"C,D"
2013,Power Plants,2,105.5,"C,D"
2013,Power Plants,2,118,"C,D"
2013,Power Plants,2,106,"C,D"
2013,Power Plants,2,0.75,"C,D"
2012,Power Plants,2,256.25,"C,D"
2012,Power Plants,2,221.5,"C,D"
2012,Power Plants,2,232.5,"C,D"
2012,Power Plants,2,0.25,"C,D"
2011,Power Plants,2,71,"C,D"
2011,Power Plants,2,137.5,"C,D"
2011,Power Plants,2,137.5,"C,D"
2011,Power Plants,2,0.5,"C,D"
2019,Power Plants,1,31.75,"C,D"
2019,Power Plants,1,28,"C,D"
2019,Power Plants,1,20.25,"C,D"
2018,Power Plants,1,20.75,"C,D"
2018,Power Plants,1,30,"C,D"
2018,Power Plants,1,109,"C,D"
2018,Power Plants,1,145,"C,D"
2018,Power Plants,1,141,"C,D"
2017,Power Plants,1,92,"C,D"
2017,Power Plants,1,88.25,"C,D"
2017,Power Plants,1,3.5,"C,D"
2017,Power Plants,1,140.25,"C,D"
2017,Power Plants,1,146.25,"C,D"
2016,Power Plants,1,87.5,"C,D"
2016,Power Plants,1,89.5,"C,D"
2016,Power Plants,1,132.5,"C,D"
2016,Power Plants,1,129,"C,D"
2016,Power Plants,1,135.5,"C,D"
2015,Power Plants,1,77.75,"C,D"
2015,Power Plants,1,88,"C,D"
2015,Power Plants,1,121,"C,D"
2015,Power Plants,1,129.5,"C,D"
2015,Power Plants,1,130.5,"C,D"
2014,Power Plants,1,93.25,"C,D"
2014,Power Plants,1,91,"C,D"
2014,Power Plants,1,113,"C,D"
2014,Power Plants,1,142.5,"C,D"
2014,Power Plants,1,150.25,"C,D"
2013,Power Plants,1,97.25,"C,D"
2013,Power Plants,1,98.75,"C,D"
2013,Power Plants,1,127,"C,D"
2013,Power Plants,1,139,"C,D"
2013,Power Plants,1,120,"C,D"
2012,Power Plants,1,91.25,"C,D"
2012,Power Plants,1,95.5,"C,D"
2012,Power Plants,1,111.25,"C,D"
2012,Power Plants,1,142,"C,D"
2012,Power Plants,1,147.5,"C,D"
2011,Power Plants,1,87.25,"C,D"
2011,Power Plants,1,117,"C,D"
2011,Power Plants,1,157,"C,D"
2011,Power Plants,1,159.75,"C,D"
2011,Power Plants,1,164.25,"C,D"
2022,Power Plants,2,12.5,"C,D"
2022,Power Plants,2,29.75,"C,D"
2022,Power Plants,2,20.5,"C,D"
2022,Power Plants,2,33.5,"C,D"
2022,Power Plants,2,0.25,"C,D"
2021,Power Plants,2,57.75,"C,D"
2021,Power Plants,2,11,"C,D"
2021,Power Plants,2,71.5,"C,D"
2021,Power Plants,2,67.75,"C,D"
2021,Power Plants,2,0.5,"C,D"
2020,Power Plants,2,97,"C,D"
2020,Power Plants,2,74,"C,D"
2020,Power Plants,2,71,"C,D"
2020,Power Plants,2,76,"C,D"
2020,Power Plants,2,1,"C,D"
2019,Power Plants,2,42,"C,D"
2019,Power Plants,2,49.25,"C,D"
2019,Power Plants,2,53.5,"C,D"
2019,Power Plants,2,51.5,"C,D"
2019,Power Plants,2,0.5,"C,D"
2018,Power Plants,2,72.5,"C,D"
2018,Power Plants,2,51,"C,D"
2018,Power Plants,2,66.75,"C,D"
2018,Power Plants,2,62.75,"C,D"
2018,Power Plants,2,0.25,"C,D"
2017,Power Plants,2,22,"C,D"
2017,Power Plants,2,17.5,"C,D"
2017,Power Plants,2,20.5,"C,D"
2017,Power Plants,2,19.25,"C,D"
2016,Power Plants,2,89.25,"C,D"
2016,Power Plants,2,72.25,"C,D"
2016,Power Plants,2,84.25,"C,D"
2016,Power Plants,2,44,"C,D"
2016,Power Plants,2,0.25,"C,D"
2015,Power Plants,2,38.75,"C,D"
2015,Power Plants,2,27,"C,D"
2015,Power Plants,2,31.5,"C,D"
2015,Power Plants,2,26.5,"C,D"
2015,Power Plants,2,0.25,"C,D"
2014,Power Plants,2,10.5,"C,D"
2014,Power Plants,2,10,"C,D"
2014,Power Plants,2,7,"C,D"
2014,Power Plants,2,7,"C,D"
2013,Power Plants,2,9.25,"C,D"
2013,Power Plants,2,12.75,"C,D"
2013,Power Plants,2,7.75,"C,D"
2013,Power Plants,2,12,"C,D"
2012,Power Plants,2,44,"C,D"
2012,Power Plants,2,33.5,"C,D"
2012,Power Plants,2,35.25,"C,D"
2012,Power Plants,2,28.75,"C,D"
2012,Power Plants,2,0.25,"C,D"
2011,Power Plants,2,18.75,"C,D"
2011,Power Plants,2,14,"C,D"
2011,Power Plants,2,20.5,"C,D"
2011,Power Plants,2,13.5,"C,D"
2011,Power Plants,2,0.25,"C,D"
2021,Power Plants,2,8,"C,D"
2021,Power Plants,3,3,"C,D"
2021,Power Plants,4,0.25,"C,D"
2021,Power Plants,4,0.25,"C,D"
2021,Power Plants,4,0.25,"C,D"
2021,Power Plants,2,1.25,"C,D"
2021,Power Plants,2,1.75,"C,D"
2020,Power Plants,1,381,"C,D"
2020,Power Plants,2,24,"C,D"
2020,Power Plants,3,8.75,"C,D"
2020,Power Plants,2,0.25,"C,D"
2020,Power Plants,2,0.75,"C,D"
2019,Power Plants,1,1330.25,"C,D"
2019,Power Plants,2,25.75,"C,D"
2019,Power Plants,3,0.25,"C,D"
2019,Power Plants,3,17,"C,D"
2019,Power Plants,2,0.75,"C,D"
2019,Power Plants,2,1.25,"C,D"
2018,Power Plants,1,1824.5,"C,D"
2018,Power Plants,2,23,"C,D"
2018,Power Plants,3,0.25,"C,D"
2018,Power Plants,3,17.25,"C,D"
2018,Power Plants,2,1,"C,D"
2018,Power Plants,2,1.25,"C,D"
2017,Power Plants,1,2219.75,"C,D"
2017,Power Plants,2,20,"C,D"
2017,Power Plants,3,13.75,"C,D"
2017,Power Plants,2,1,"C,D"
2017,Power Plants,2,1.5,"C,D"
2016,Power Plants,1,234.5,"C,D"
2016,Power Plants,2,27.5,"C,D"
2016,Power Plants,3,0.5,"C,D"
2016,Power Plants,3,9.5,"C,D"
2016,Power Plants,2,0.75,"C,D"
2016,Power Plants,2,1.5,"C,D"
2015,Power Plants,1,1900.75,"C,D"
2015,Power Plants,2,5.25,"C,D"
2015,Power Plants,3,3.25,"C,D"
2015,Power Plants,1,2788.25,"C,D"
2015,Power Plants,2,28,"C,D"
2015,Power Plants,3,0.5,"C,D"
2015,Power Plants,3,6.25,"C,D"
2015,Power Plants,2,1.5,"C,D"
2015,Power Plants,2,1.5,"C,D"
2014,Power Plants,1,2418,"C,D"
2014,Power Plants,2,4.25,"C,D"
2014,Power Plants,3,7,"C,D"
2014,Power Plants,1,3681.25,"C,D"
2014,Power Plants,2,16.5,"C,D"
2014,Power Plants,3,4.75,"C,D"
2014,Power Plants,2,1.75,"C,D"
2014,Power Plants,2,0.5,"C,D"
2013,Power Plants,1,3542.75,"C,D"
2013,Power Plants,2,4.5,"C,D"
2013,Power Plants,3,7.25,"C,D"
2013,Power Plants,1,2740.75,"C,D"
2013,Power Plants,2,14.75,"C,D"
2013,Power Plants,3,1.25,"C,D"
2013,Power Plants,2,0.25,"C,D"
2013,Power Plants,2,1,"C,D"
2012,Power Plants,1,2412.75,"C,D"
2012,Power Plants,2,4.75,"C,D"
2012,Power Plants,3,5,"C,D"
2012,Power Plants,1,3804.5,"C,D"
2012,Power Plants,2,22.75,"C,D"
2012,Power Plants,3,2,"C,D"
2012,Power Plants,2,0.25,"C,D"
2012,Power Plants,2,1.25,"C,D"
2012,Power Plants,2,1,"C,D"
2011,Power Plants,1,3443.75,"C,D"
2011,Power Plants,2,4.25,"C,D"
2011,Power Plants,3,9,"C,D"
2011,Power Plants,1,3585.25,"C,D"
2011,Power Plants,2,12.75,"C,D"
2011,Power Plants,3,3.75,"C,D"
2011,Power Plants,2,1.75,"C,D"
2011,Power Plants,2,1,"C,D"
2018,Power Plants,1,496.75,"C,D"
2017,Power Plants,1,854.5,"C,D"
2016,Power Plants,1,1044.5,"C,D"
2016,Power Plants,1,23.25,"C,D"
2015,Power Plants,1,1058.5,"C,D"
2015,Power Plants,1,44.75,"C,D"
2014,Power Plants,1,1056,"C,D"
2014,Power Plants,1,27.5,"C,D"
2013,Power Plants,1,863,"C,D"
2013,Power Plants,1,79,"C,D"
2012,Power Plants,1,990,"C,D"
2012,Power Plants,1,17.5,"C,D"
2011,Power Plants,1,983.75,"C,D"
2011,Power Plants,1,32.25,"C,D"
2011,Power Plants,3,8.25,"C,D"
2022,Power Plants,1,611.75,"C,D"
2022,Power Plants,2,2,"C,D"
2022,Power Plants,1,425.75,"C,D"
2022,Power Plants,2,2.5,"C,D"
2022,Power Plants,2,0.25,"C,D"
2022,Power Plants,2,1,"C,D"
2022,Power Plants,1,1423.5,"C,D"
2022,Power Plants,2,6,"C,D"
2022,Power Plants,1,2294,"C,D"
2022,Power Plants,4,5.5,"C,D"
2022,Power Plants,2,0.25,"C,D"
2022,Power Plants,2,1,"C,D"
2022,Power Plants,2,0.25,"C,D"
2021,Power Plants,1,1681,"C,D"
2021,Power Plants,2,4,"C,D"
2021,Power Plants,1,1564.5,"C,D"
2021,Power Plants,2,3.5,"C,D"
2021,Power Plants,2,0.75,"C,D"
2021,Power Plants,2,0.5,"C,D"
2021,Power Plants,1,2042.25,"C,D"
2021,Power Plants,2,3,"C,D"
2021,Power Plants,1,4721.75,"C,D"
2021,Power Plants,4,7.5,"C,D"
2021,Power Plants,2,0.5,"C,D"
2021,Power Plants,2,1,"C,D"
2020,Power Plants,1,971.5,"C,D"
2020,Power Plants,2,3.5,"C,D"
2020,Power Plants,1,1068.5,"C,D"
2020,Power Plants,2,4.5,"C,D"
2020,Power Plants,2,1.25,"C,D"
2020,Power Plants,2,0.75,"C,D"
2020,Power Plants,1,1141.5,"C,D"
2020,Power Plants,2,2.25,"C,D"
2020,Power Plants,1,2159,"C,D"
2020,Power Plants,4,5.5,"C,D"
2020,Power Plants,2,0.25,"C,D"
2020,Power Plants,2,0.25,"C,D"
2020,Power Plants,2,0.25,"C,D"
2020,Power Plants,2,0.25,"C,D"
2019,Power Plants,1,122.5,"C,D"
2019,Power Plants,2,0.5,"C,D"
2019,Power Plants,1,1687,"C,D"
2019,Power Plants,2,4.75,"C,D"
2019,Power Plants,1,1794.5,"C,D"
2019,Power Plants,2,6.5,"C,D"
2019,Power Plants,2,0.25,"C,D"
2019,Power Plants,2,0.75,"C,D"
2019,Power Plants,1,3022.5,"C,D"
2019,Power Plants,2,4,"C,D"
2019,Power Plants,1,5255,"C,D"
2019,Power Plants,4,9.25,"C,D"
2019,Power Plants,2,0.25,"C,D"
2019,Power Plants,2,0.25,"C,D"
2019,Power Plants,2,0.25,"C,D"
2018,Power Plants,1,2095.25,"C,D"
2018,Power Plants,2,4.25,"C,D"
2018,Power Plants,4,3,"C,D"
2018,Power Plants,1,2008.75,"C,D"
2018,Power Plants,2,4,"C,D"
2018,Power Plants,1,2003.25,"C,D"
2018,Power Plants,2,5,"C,D"
2018,Power Plants,2,0.75,"C,D"
2018,Power Plants,2,0.5,"C,D"
2018,Power Plants,1,2493,"C,D"
2018,Power Plants,2,5.75,"C,D"
2018,Power Plants,1,4775.5,"C,D"
2018,Power Plants,4,9.5,"C,D"
2018,Power Plants,2,0.25,"C,D"
2018,Power Plants,2,1,"C,D"
2018,Power Plants,2,0.25,"C,D"
2017,Power Plants,1,25,"C,D"
2017,Power Plants,2,211.5,"C,D"
2017,Power Plants,1,2205.25,"C,D"
2017,Power Plants,2,2.5,"C,D"
2017,Power Plants,1,2347.75,"C,D"
2017,Power Plants,2,2.5,"C,D"
2017,Power Plants,2,0.25,"C,D"
2017,Power Plants,2,2,"C,D"
2017,Power Plants,1,3179.5,"C,D"
2017,Power Plants,2,6.5,"C,D"
2017,Power Plants,1,769.5,"C,D"
2017,Power Plants,4,5.75,"C,D"
2017,Power Plants,2,0.25,"C,D"
2017,Power Plants,2,0.5,"C,D"
2016,Power Plants,1,179.5,"C,D"
2016,Power Plants,2,2.5,"C,D"
2016,Power Plants,1,139,"C,D"
2016,Power Plants,2,2,"C,D"
2016,Power Plants,1,133,"C,D"
2016,Power Plants,2,1.25,"C,D"
2016,Power Plants,2,0.25,"C,D"
2016,Power Plants,2,0.25,"C,D"
2016,Power Plants,1,110,"C,D"
2016,Power Plants,2,0.75,"C,D"
2016,Power Plants,1,176.75,"C,D"
2016,Power Plants,2,2.75,"C,D"
2016,Power Plants,1,288.25,"C,D"
2016,Power Plants,4,6,"C,D"
2016,Power Plants,2,0.25,"C,D"
2016,Power Plants,2,0.25,"C,D"
2016,Power Plants,4,15.25,"C,D"
2016,Power Plants,4,13.5,"C,D"
2015,Power Plants,1,1997.5,"C,D"
2015,Power Plants,2,1.5,"C,D"
2015,Power Plants,1,1862.75,"C,D"
2015,Power Plants,2,1.25,"C,D"
2015,Power Plants,1,1864.5,"C,D"
2015,Power Plants,2,1.25,"C,D"
2015,Power Plants,2,0.25,"C,D"
2015,Power Plants,1,2256.75,"C,D"
2015,Power Plants,2,1,"C,D"
2015,Power Plants,1,3093.75,"C,D"
2015,Power Plants,2,4,"C,D"
2015,Power Plants,1,5225,"C,D"
2015,Power Plants,4,8.25,"C,D"
2015,Power Plants,2,0.25,"C,D"
2014,Power Plants,1,1855,"C,D"
2014,Power Plants,2,1.5,"C,D"
2014,Power Plants,4,0.5,"C,D"
2014,Power Plants,1,2022.25,"C,D"
2014,Power Plants,2,1.75,"C,D"
2014,Power Plants,1,1782,"C,D"
2014,Power Plants,2,1.5,"C,D"
2014,Power Plants,4,0.25,"C,D"
2014,Power Plants,2,0.25,"C,D"
2014,Power Plants,1,2057.25,"C,D"
2014,Power Plants,2,1.25,"C,D"
2014,Power Plants,1,3775.75,"C,D"
2014,Power Plants,2,7.75,"C,D"
2014,Power Plants,1,4425,"C,D"
2014,Power Plants,4,6.5,"C,D"
2014,Power Plants,2,0.25,"C,D"
2014,Power Plants,2,1,"C,D"
2013,Power Plants,1,1925,"C,D"
2013,Power Plants,2,0.75,"C,D"
2013,Power Plants,1,1893.5,"C,D"
2013,Power Plants,2,1,"C,D"
2013,Power Plants,4,0.5,"C,D"
2013,Power Plants,1,2146.25,"C,D"
2013,Power Plants,2,1,"C,D"
2013,Power Plants,4,0.25,"C,D"
2013,Power Plants,2,0.25,"C,D"
2013,Power Plants,1,2330.5,"C,D"
2013,Power Plants,2,0.75,"C,D"
2013,Power Plants,1,4611.25,"C,D"
2013,Power Plants,2,10.5,"C,D"
2013,Power Plants,1,6025,"C,D"
2013,Power Plants,4,10.5,"C,D"
2013,Power Plants,2,0.25,"C,D"
2013,Power Plants,2,0.25,"C,D"
2012,Power Plants,1,1989,"C,D"
2012,Power Plants,2,0.5,"C,D"
2012,Power Plants,4,1,"C,D"
2012,Power Plants,1,1875,"C,D"
2012,Power Plants,2,1.75,"C,D"
2012,Power Plants,4,0.75,"C,D"
2012,Power Plants,1,1875,"C,D"
2012,Power Plants,2,0.75,"C,D"
2012,Power Plants,4,1,"C,D"
2012,Power Plants,2,0.25,"C,D"
2012,Power Plants,1,2107.75,"C,D"
2012,Power Plants,2,0.25,"C,D"
2012,Power Plants,1,2777,"C,D"
2012,Power Plants,2,4,"C,D"
2012,Power Plants,1,5899.5,"C,D"
2012,Power Plants,4,9.75,"C,D"
2012,Power Plants,2,0.25,"C,D"
2012,Power Plants,2,0.25,"C,D"
2011,Power Plants,1,1904.75,"C,D"
2011,Power Plants,2,0.25,"C,D"
2011,Power Plants,4,0.25,"C,D"
2011,Power Plants,1,2079,"C,D"
2011,Power Plants,2,0.5,"C,D"
2011,Power Plants,4,0.25,"C,D"
2011,Power Plants,1,2078.25,"C,D"
2011,Power Plants,2,0.25,"C,D"
2011,Power Plants,4,0.25,"C,D"
2011,Power Plants,2,0.25,"C,D"
2011,Power Plants,2,0.25,"C,D"
2011,Power Plants,1,2123.25,"C,D"
2011,Power Plants,2,0.25,"C,D"
2011,Power Plants,4,0.5,"C,D"
2011,Power Plants,1,4684.5,"C,D"
2011,Power Plants,2,6.75,"C,D"
2011,Power Plants,1,5635.25,"C,D"
2011,Power Plants,4,8.75,"C,D"
2011,Power Plants,2,0.25,"C,D"
2022,Power Plants,2,20,"C,D"
2022,Power Plants,2,20.5,"C,D"
2022,Power Plants,2,19.5,"C,D"
2022,Power Plants,2,19,"C,D"
2021,Power Plants,2,18,"C,D"
2021,Power Plants,2,21.75,"C,D"
2021,Power Plants,2,24,"C,D"
2021,Power Plants,2,22,"C,D"
2020,Power Plants,2,27,"C,D"
2020,Power Plants,2,27.75,"C,D"
2020,Power Plants,2,27.25,"C,D"
2020,Power Plants,2,28,"C,D"
2019,Power Plants,2,22.25,"C,D"
2019,Power Plants,2,22.5,"C,D"
2019,Power Plants,2,22.5,"C,D"
2019,Power Plants,2,21.5,"C,D"
2018,Power Plants,2,33.75,"C,D"
2018,Power Plants,2,30,"C,D"
2018,Power Plants,2,32,"C,D"
2018,Power Plants,2,31.75,"C,D"
2017,Power Plants,2,14.75,"C,D"
2017,Power Plants,2,14,"C,D"
2017,Power Plants,2,13.5,"C,D"
2017,Power Plants,2,14.25,"C,D"
2016,Power Plants,2,28,"C,D"
2016,Power Plants,2,26.75,"C,D"
2016,Power Plants,2,26,"C,D"
2016,Power Plants,2,27.5,"C,D"
2015,Power Plants,2,17,"C,D"
2015,Power Plants,2,20,"C,D"
2015,Power Plants,2,17.25,"C,D"
2015,Power Plants,2,20,"C,D"
2014,Power Plants,2,2.25,"C,D"
2014,Power Plants,2,4.25,"C,D"
2014,Power Plants,2,4,"C,D"
2014,Power Plants,2,3.75,"C,D"
2013,Power Plants,2,7.25,"C,D"
2013,Power Plants,2,6.5,"C,D"
2013,Power Plants,2,6.5,"C,D"
2013,Power Plants,2,6.25,"C,D"
2012,Power Plants,2,8.25,"C,D"
2012,Power Plants,2,7.75,"C,D"
2012,Power Plants,2,9.25,"C,D"
2012,Power Plants,2,9,"C,D"
2011,Power Plants,2,4.25,"C,D"
2011,Power Plants,2,3.75,"C,D"
2011,Power Plants,2,3.25,"C,D"
2011,Power Plants,2,3.75,"C,D"
2022,Power Plants,1,623.75,C
2022,Power Plants,2,12,C
2022,Power Plants,3,121,C
2022,Power Plants,3,65.25,C
2022,Power Plants,1,595.75,C
2022,Power Plants,2,10.75,C
2022,Power Plants,3,107.25,C
2022,Power Plants,3,58.25,C
2022,Power Plants,2,0.5,C
2021,Power Plants,1,609.75,C
2021,Power Plants,2,15.5,C
2021,Power Plants,3,55.75,C
2021,Power Plants,3,45.25,C
2021,Power Plants,1,564.75,C
2021,Power Plants,2,16,C
2021,Power Plants,3,50.5,C
2021,Power Plants,3,40.75,C
2020,Power Plants,1,671,C
2020,Power Plants,2,16,C
2020,Power Plants,3,13.5,C
2020,Power Plants,3,33,C
2020,Power Plants,1,675,C
2020,Power Plants,2,19.25,C
2020,Power Plants,3,14,C
2020,Power Plants,3,34.25,C
2019,Power Plants,1,669.75,C
2019,Power Plants,2,6.5,C
2019,Power Plants,3,61.5,C
2019,Power Plants,3,18.75,C
2019,Power Plants,1,710,C
2019,Power Plants,2,8.75,C
2019,Power Plants,3,66.75,C
2019,Power Plants,3,20.75,C
2018,Power Plants,1,777.5,C
2018,Power Plants,2,6,C
2018,Power Plants,3,175.25,C
2018,Power Plants,3,22.25,C
2018,Power Plants,1,780.5,C
2018,Power Plants,2,6.5,C
2018,Power Plants,3,175.25,C
2018,Power Plants,3,22.25,C
2017,Power Plants,1,839.5,C
2017,Power Plants,2,0.25,C
2017,Power Plants,3,138.25,C
2017,Power Plants,3,26.75,C
2017,Power Plants,1,843.25,C
2017,Power Plants,2,0.25,C
2017,Power Plants,3,137.75,C
2017,Power Plants,3,26.75,C
2016,Power Plants,1,869,C
2016,Power Plants,3,257,C
2016,Power Plants,3,25.75,C
2016,Power Plants,1,845.75,C
2016,Power Plants,3,230.75,C
2016,Power Plants,3,24.5,C
2015,Power Plants,1,824.25,C
2015,Power Plants,3,336.25,C
2015,Power Plants,3,28.5,C
2015,Power Plants,1,810.25,C
2015,Power Plants,3,327,C
2015,Power Plants,3,27.75,C
2014,Power Plants,1,797.25,C
2014,Power Plants,3,317.25,C
2014,Power Plants,3,31,C
2014,Power Plants,1,778.75,C
2014,Power Plants,3,308.75,C
2014,Power Plants,3,30,C
2013,Power Plants,1,732.5,C
2013,Power Plants,3,286.75,C
2013,Power Plants,3,32,C
2013,Power Plants,1,711.75,C
2013,Power Plants,3,281.25,C
2013,Power Plants,3,31.25,C
2012,Power Plants,1,733.5,C
2012,Power Plants,3,309.75,C
2012,Power Plants,3,166.5,C
2012,Power Plants,1,745.5,C
2012,Power Plants,3,308.25,C
2012,Power Plants,3,167.25,C
2011,Power Plants,1,679,C
2011,Power Plants,3,287.5,C
2011,Power Plants,3,119.25,C
2011,Power Plants,1,705.25,C
2011,Power Plants,3,295.75,C
2011,Power Plants,3,122,C
2022,Power Plants,1,1776.25,"C,D"
2022,Power Plants,4,3.5,"C,D"
2022,Power Plants,2,2,"C,D"
2022,Power Plants,2,3,"C,D"
2022,Power Plants,2,2.25,"C,D"
2022,Power Plants,4,0.25,"C,D"
2022,Power Plants,4,0.5,"C,D"
2021,Power Plants,1,3434.5,"C,D"
2021,Power Plants,4,6.75,"C,D"
2021,Power Plants,2,0.75,"C,D"
2021,Power Plants,2,3.25,"C,D"
2021,Power Plants,2,3.25,"C,D"
2021,Power Plants,4,0.25,"C,D"
2021,Power Plants,4,0.25,"C,D"
2021,Power Plants,4,0.5,"C,D"
2020,Power Plants,1,902,"C,D"
2020,Power Plants,4,3.75,"C,D"
2020,Power Plants,2,1.5,"C,D"
2020,Power Plants,2,5,"C,D"
2020,Power Plants,2,6.25,"C,D"
2020,Power Plants,4,0.25,"C,D"
2020,Power Plants,4,0.25,"C,D"
2019,Power Plants,1,4332.75,"C,D"
2019,Power Plants,4,4.25,"C,D"
2019,Power Plants,2,5.25,"C,D"
2019,Power Plants,2,4,"C,D"
2019,Power Plants,4,0.25,"C,D"
2018,Power Plants,1,3399,"C,D"
2018,Power Plants,4,4,"C,D"
2018,Power Plants,2,3.25,"C,D"
2018,Power Plants,2,3.75,"C,D"
2018,Power Plants,2,2.5,"C,D"
2018,Power Plants,4,0.25,"C,D"
2017,Power Plants,1,5859.5,"C,D"
2017,Power Plants,4,2.75,"C,D"
2017,Power Plants,2,1,"C,D"
2017,Power Plants,2,0.5,"C,D"
2017,Power Plants,2,1.75,"C,D"
2017,Power Plants,4,0.25,"C,D"
2016,Power Plants,1,494.5,"C,D"
2016,Power Plants,4,1.25,"C,D"
2016,Power Plants,4,0.25,"C,D"
2016,Power Plants,1,23.5,"C,D"
2016,Power Plants,4,1.25,"C,D"
2015,Power Plants,1,5745.5,"C,D"
2015,Power Plants,4,4.25,"C,D"
2015,Power Plants,4,0.25,"C,D"
2015,Power Plants,1,1298.75,"C,D"
2015,Power Plants,4,3.25,"C,D"
2014,Power Plants,1,5579.75,"C,D"
2014,Power Plants,3,3.5,"C,D"
2014,Power Plants,4,2,"C,D"
2014,Power Plants,4,0.25,"C,D"
2014,Power Plants,1,2009,"C,D"
2014,Power Plants,3,1,"C,D"
2014,Power Plants,4,7.75,"C,D"
2013,Power Plants,1,7147.5,"C,D"
2013,Power Plants,4,3.75,"C,D"
2013,Power Plants,4,0.25,"C,D"
2013,Power Plants,1,2783.5,"C,D"
2013,Power Plants,4,3.5,"C,D"
2012,Power Plants,1,7340,"C,D"
2012,Power Plants,4,1.5,"C,D"
2012,Power Plants,4,0.25,"C,D"
2012,Power Plants,1,2688.5,"C,D"
2012,Power Plants,4,1.75,"C,D"
2011,Power Plants,1,7287.5,"C,D"
2011,Power Plants,4,2.25,"C,D"
2011,Power Plants,4,0.25,"C,D"
2011,Power Plants,1,2832.75,"C,D"
2011,Power Plants,4,3,"C,D"
2019,Power Plants,2,13.75,C
2019,Power Plants,2,7.25,C
2019,Power Plants,2,1.75,C
2018,Power Plants,2,0.75,C
2018,Power Plants,2,5,C
2018,Power Plants,2,6,C
2018,Power Plants,2,13,C
2017,Power Plants,2,0.25,C
2017,Power Plants,2,12.5,C
2017,Power Plants,2,1.75,C
2017,Power Plants,2,7,C
2016,Power Plants,2,5.5,C
2016,Power Plants,2,0.5,C
2016,Power Plants,2,15.25,C
2015,Power Plants,2,2,C
2015,Power Plants,2,4.5,C
2015,Power Plants,2,2.25,C
2015,Power Plants,2,13,C
2014,Power Plants,2,0.5,C
2014,Power Plants,2,2.75,C
2014,Power Plants,2,3.25,C
2014,Power Plants,2,17.25,C
2013,Power Plants,2,0.25,C
2013,Power Plants,2,3.75,C
2013,Power Plants,2,17,C
2012,Power Plants,2,0.25,C
2012,Power Plants,2,0.25,C
2012,Power Plants,2,1,C
2012,Power Plants,2,16.25,C
2011,Power Plants,2,0.75,C
2011,Power Plants,2,0.5,C
2011,Power Plants,2,3.25,C
2011,Power Plants,2,16.25,C
2022,Power Plants,2,2.25,C
2022,Power Plants,2,10.5,C
2022,Power Plants,2,3.5,C
2022,Power Plants,2,5.25,C
2021,Power Plants,2,0.75,C
2021,Power Plants,2,13,C
2021,Power Plants,2,5.75,C
2021,Power Plants,2,1.5,C
2020,Power Plants,2,0.75,C
2020,Power Plants,2,12.75,C
2020,Power Plants,2,6,C
2020,Power Plants,2,0.25,C
2022,Power Plants,2,0.25,C
2022,Power Plants,3,166.25,C
2022,Power Plants,3,277.25,C
2021,Power Plants,3,172.5,C
2021,Power Plants,3,352.25,C
2020,Power Plants,2,0.25,C
2020,Power Plants,3,271,C
2020,Power Plants,3,303.75,C
2019,Power Plants,3,275.75,C
2019,Power Plants,3,299,C
2018,Power Plants,3,267,C
2018,Power Plants,3,298.75,C
2017,Power Plants,3,249.25,C
2017,Power Plants,3,305.25,C
2016,Power Plants,3,258.25,C
2016,Power Plants,3,302.25,C
2015,Power Plants,3,256,C
2015,Power Plants,3,300.5,C
2014,Power Plants,3,249.5,C
2014,Power Plants,3,301.25,C
2013,Power Plants,3,247.5,C
2013,Power Plants,3,2175,C
2012,Power Plants,3,260,C
2012,Power Plants,3,2202.5,C
2011,Power Plants,3,247.5,C
2011,Power Plants,3,2210,C
2022,Power Plants,2,0.75,C
2022,Power Plants,3,135,C
2022,Power Plants,3,239.75,C
2021,Power Plants,3,177.5,C
2021,Power Plants,3,293.75,C
2020,Power Plants,2,0.25,C
2020,Power Plants,3,241.25,C
2020,Power Plants,3,308.25,C
2019,Power Plants,3,244,C
2019,Power Plants,3,309,C
2018,Power Plants,3,266.25,C
2018,Power Plants,3,301.5,C
2017,Power Plants,2,0.25,C
2017,Power Plants,3,239,C
2017,Power Plants,3,295,C
2016,Power Plants,3,268.5,C
2016,Power Plants,3,300.25,C
2015,Power Plants,2,0.25,C
2015,Power Plants,3,286.5,C
2015,Power Plants,3,319,C
2014,Power Plants,3,256.75,C
2014,Power Plants,3,313,C
2013,Power Plants,3,262.5,C
2013,Power Plants,3,1872.5,C
2012,Power Plants,3,287.5,C
2012,Power Plants,3,2195,C
2011,Power Plants,3,320,C
2011,Power Plants,3,2152.5,C
2017,Power Plants,2,0.25,C
2016,Power Plants,2,2,C
2015,Power Plants,2,2.25,C
2014,Power Plants,1,7,C
2014,Power Plants,2,7.75,C
2013,Power Plants,1,98,C
2013,Power Plants,2,0.25,C
2012,Power Plants,1,64.25,C
2011,Power Plants,1,17,C
2022,Power Plants,2,4,"C,D"
2021,Power Plants,2,0.25,"C,D"
2021,Power Plants,2,11,"C,D"
2021,Power Plants,2,4,"C,D"
2020,Power Plants,2,2.5,"C,D"
2020,Power Plants,2,13.5,"C,D"
2020,Power Plants,2,2.25,"C,D"
2019,Power Plants,2,3,"C,D"
2019,Power Plants,2,0.5,"C,D"
2019,Power Plants,2,1.5,"C,D"
2018,Power Plants,2,3.25,"C,D"
2018,Power Plants,2,1.75,"C,D"
2018,Power Plants,2,1.25,"C,D"
2017,Power Plants,2,4.5,"C,D"
2017,Power Plants,2,1,"C,D"
2017,Power Plants,2,1,"C,D"
2016,Power Plants,2,6.25,"C,D"
2016,Power Plants,2,12.75,"C,D"
2015,Power Plants,2,0.5,"C,D"
2015,Power Plants,2,26,"C,D"
2015,Power Plants,1,53.25,"C,D"
2015,Power Plants,3,71,"C,D"
2014,Power Plants,2,0.75,"C,D"
2014,Power Plants,2,40.5,"C,D"
2014,Power Plants,1,134.5,"C,D"
2014,Power Plants,3,228.75,"C,D"
2013,Power Plants,2,2.25,"C,D"
2013,Power Plants,2,35.75,"C,D"
2013,Power Plants,1,3.25,"C,D"
2013,Power Plants,1,5.5,"C,D"
2013,Power Plants,2,0.25,"C,D"
2013,Power Plants,3,289.75,"C,D"
2013,Power Plants,4,0.025,"C,D"
2012,Power Plants,2,1.75,D
2012,Power Plants,1,33.25,D
2012,Power Plants,2,0.25,D
2012,Power Plants,1,28.5,D
2012,Power Plants,2,0.25,D
2011,Power Plants,2,2,D
2011,Power Plants,1,32.25,D
2011,Power Plants,2,3.5,D
2011,Power Plants,1,39.75,D
2022,Power Plants,2,90.75,"C,D"
2022,Power Plants,2,148.5,"C,D"
2022,Power Plants,2,323.75,"C,D"
2022,Power Plants,2,328.25,"C,D"
2022,Power Plants,2,0.25,"C,D"
2021,Power Plants,2,56.5,"C,D"
2021,Power Plants,2,77,"C,D"
2021,Power Plants,2,264.5,"C,D"
2021,Power Plants,2,273.5,"C,D"
2021,Power Plants,2,0.25,"C,D"
2020,Power Plants,2,113.75,"C,D"
2020,Power Plants,2,62.75,"C,D"
2020,Power Plants,2,325.75,"C,D"
2020,Power Plants,2,322.5,"C,D"
2019,Power Plants,2,65.75,"C,D"
2019,Power Plants,2,37,"C,D"
2019,Power Plants,2,346,"C,D"
2019,Power Plants,2,355,"C,D"
2018,Power Plants,2,60.5,"C,D"
2018,Power Plants,2,48.5,"C,D"
2018,Power Plants,2,257.25,"C,D"
2018,Power Plants,2,268.25,"C,D"
2018,Power Plants,2,0.25,"C,D"
2017,Power Plants,2,26.75,"C,D"
2017,Power Plants,2,24,"C,D"
2017,Power Plants,2,282.5,"C,D"
2017,Power Plants,2,288.5,"C,D"
2017,Power Plants,2,0.25,"C,D"
2016,Power Plants,2,51.5,"C,D"
2016,Power Plants,2,41.5,"C,D"
2016,Power Plants,2,337.5,"C,D"
2016,Power Plants,2,355.25,"C,D"
2015,Power Plants,2,31,"C,D"
2015,Power Plants,2,33.75,"C,D"
2015,Power Plants,2,303.25,"C,D"
2015,Power Plants,2,310.5,"C,D"
2015,Power Plants,2,0.25,"C,D"
2014,Power Plants,2,24.5,"C,D"
2014,Power Plants,2,22.5,"C,D"
2014,Power Plants,2,170.75,"C,D"
2014,Power Plants,2,187,"C,D"
2014,Power Plants,2,0.25,"C,D"
2013,Power Plants,2,27.75,"C,D"
2013,Power Plants,2,23.5,"C,D"
2013,Power Plants,2,121.25,"C,D"
2013,Power Plants,2,113.25,"C,D"
2013,Power Plants,2,0.25,"C,D"
2012,Power Plants,2,49,"C,D"
2012,Power Plants,2,62.75,"C,D"
2012,Power Plants,2,228,"C,D"
2012,Power Plants,2,245.5,"C,D"
2011,Power Plants,2,24.75,"C,D"
2011,Power Plants,2,23.25,"C,D"
2011,Power Plants,2,157.5,"C,D"
2011,Power Plants,2,159,"C,D"
2011,Power Plants,2,0.25,"C,D"
